rep,learning_rate,steps,classifier,feature_column,train_auc_precision_recall,train_recall,train_average_loss,train_accuracy_baseline,train_accuracy,train_auc,train_loss,train_label/mean,train_precision,train_global_step,train_prediction/mean,test_auc_precision_recall,test_recall,test_average_loss,test_accuracy_baseline,test_accuracy,test_auc,test_loss,test_label/mean,test_precision,test_global_step,test_prediction/mean
0,0.1,500,linear classifier,categorical column with vocabulary list,0.5510309,0.37931034,0.16921644,0.94200003,0.954,0.8894869,0.16921644,0.058,0.6875,500,0.03703086,0.5133083,0.275,0.25845608,0.92,0.94,0.80187494,0.25845608,0.08,0.9166667,500,0.036078803
0,0.1,500,"dnn classifier with [4, 4] hidden_units",indicator column,0.5776907,0.0,0.13845077,0.95,0.95,0.8970947,0.13845077,0.05,0.0,500,0.019351887,0.43034232,0.0,0.36047754,0.9,0.9,0.79017776,0.36047754,0.1,0.0,500,0.019908108
0,0.1,500,"dnn classifier with [4, 4] hidden_units",2 dim embedding column,0.08640384,0.0,0.23640297,0.938,0.938,0.6498384,0.23640297,0.062,0.0,500,0.03280473,0.102387235,0.0,0.32502025,0.912,0.912,0.59158194,0.32502025,0.088,0.0,500,0.03250846
0,0.1,500,"dnn classifier with [4, 4] hidden_units",4 dim embedding column,0.1679471,0.0,0.21115121,0.94200003,0.942,0.5746761,0.21115121,0.058,0.0,500,0.04561076,0.17051794,0.0,0.28346288,0.918,0.918,0.6503534,0.28346288,0.082,0.0,500,0.04238543
0,0.1,500,"dnn classifier with [4, 4] hidden_units",10 dim embedding column,0.31945553,0.0,0.2170971,0.936,0.936,0.82729036,0.2170971,0.064,0.0,500,0.088998675,0.1563179,0.0,0.27687302,0.914,0.914,0.7004987,0.27687302,0.086,0.0,500,0.08918182
0,0.1,500,"dnn classifier with [4, 4] hidden_units",100 dim embedding column,0.47440314,0.0,0.1811593,0.944,0.944,0.8347837,0.1811593,0.056,0.0,500,0.040575847,0.1818818,0.0,0.2624847,0.922,0.922,0.71227545,0.2624847,0.078,0.0,500,0.040920027
0,0.1,500,"dnn classifier with [10, 10] hidden_units",indicator column,0.5542444,0.0,0.21144967,0.934,0.934,0.86185205,0.21144967,0.066,0.0,500,0.016233604,0.41212907,0.0,0.25549218,0.926,0.926,0.82193094,0.25549218,0.074,0.0,500,0.018248515
0,0.1,500,"dnn classifier with [10, 10] hidden_units",2 dim embedding column,0.051660754,0.0,0.22040077,0.948,0.948,0.533309,0.22040077,0.052,0.0,500,0.021400912,0.06709583,0.0,0.3070334,0.926,0.926,0.52457535,0.3070334,0.074,0.0,500,0.020773903
0,0.1,500,"dnn classifier with [10, 10] hidden_units",4 dim embedding column,0.31284308,0.0,0.20203277,0.938,0.938,0.85418534,0.20203277,0.062,0.0,500,0.03928053,0.35247102,0.0,0.25788558,0.92,0.92,0.7997282,0.25788558,0.08,0.0,500,0.04056466
0,0.1,500,"dnn classifier with [10, 10] hidden_units",10 dim embedding column,0.34080395,0.0,0.18754031,0.944,0.944,0.78798425,0.18754031,0.056,0.0,500,0.055727724,0.1488415,0.0,0.25130445,0.924,0.924,0.7546138,0.25130445,0.076,0.0,500,0.053887084
0,0.1,500,"dnn classifier with [10, 10] hidden_units",100 dim embedding column,0.3476843,0.0,0.16672184,0.95,0.95,0.8450948,0.16672184,0.05,0.0,500,0.035092775,0.28062582,0.0,0.26151758,0.922,0.922,0.7452862,0.26151758,0.078,0.0,500,0.034970853
0,0.1,500,"dnn classifier with [20, 20] hidden_units",indicator column,0.42645842,0.0,0.1877764,0.946,0.946,0.7764467,0.1877764,0.054,0.0,500,0.041250072,0.36930865,0.0,0.22428511,0.924,0.924,0.8229381,0.22428511,0.076,0.0,500,0.04778495
0,0.1,500,"dnn classifier with [20, 20] hidden_units",2 dim embedding column,0.51859474,0.0,0.22186777,0.94200003,0.942,0.58595073,0.22186777,0.058,0.0,500,0.044820353,0.5486936,0.0,0.29430628,0.918,0.918,0.58605665,0.29430628,0.082,0.0,500,0.044992432
0,0.1,500,"dnn classifier with [20, 20] hidden_units",4 dim embedding column,0.39769635,0.0,0.22102784,0.932,0.932,0.8087604,0.22102784,0.068,0.0,500,0.053024665,0.12310472,0.0,0.2786661,0.92,0.92,0.6229891,0.2786661,0.08,0.0,500,0.05235633
0,0.1,500,"dnn classifier with [20, 20] hidden_units",10 dim embedding column,0.3179026,0.0,0.23458266,0.928,0.928,0.7785261,0.23458266,0.072,0.0,500,0.046526544,0.18272823,0.0,0.25662374,0.926,0.926,0.7504816,0.25662374,0.074,0.0,500,0.043466084
0,0.1,500,"dnn classifier with [20, 20] hidden_units",100 dim embedding column,0.42762345,0.0,0.19021648,0.944,0.944,0.85074914,0.19021648,0.056,0.0,500,0.036122028,0.24454495,0.0,0.30329597,0.90999997,0.91,0.7426374,0.30329597,0.09,0.0,500,0.036391526
0,0.1,1000,linear classifier,categorical column with vocabulary list,0.6918993,0.37254903,0.11929541,0.949,0.965,0.93225056,0.11929541,0.051,0.8636364,1000,0.029157596,0.5056446,0.18518518,0.27334312,0.919,0.93,0.8440065,0.27334312,0.081,0.7894737,1000,0.026810158
0,0.1,1000,"dnn classifier with [4, 4] hidden_units",indicator column,0.6466125,0.23214285,0.12021622,0.944,0.957,0.9139111,0.12021622,0.056,1.0,1000,0.046202764,0.52136564,0.15730338,0.21904665,0.911,0.925,0.8773542,0.21904665,0.089,1.0,1000,0.04937487
0,0.1,1000,"dnn classifier with [4, 4] hidden_units",2 dim embedding column,0.34519964,0.0,0.2013713,0.939,0.939,0.78550607,0.2013713,0.061,0.0,1000,0.06918527,0.2807192,0.0,0.25873262,0.918,0.918,0.71279025,0.25873262,0.082,0.0,1000,0.06634763
0,0.1,1000,"dnn classifier with [4, 4] hidden_units",4 dim embedding column,0.25445095,0.0,0.20047121,0.94200003,0.942,0.7854711,0.20047121,0.058,0.0,1000,0.043805365,0.25482458,0.0,0.2784034,0.915,0.915,0.74772745,0.2784034,0.085,0.0,1000,0.04350664
0,0.1,1000,"dnn classifier with [4, 4] hidden_units",10 dim embedding column,0.48314208,0.0,0.16115461,0.95,0.95,0.8494526,0.16115461,0.05,0.0,1000,0.05302825,0.48797256,0.0,0.26810673,0.905,0.905,0.8272114,0.26810673,0.095,0.0,1000,0.057767395
0,0.1,1000,"dnn classifier with [4, 4] hidden_units",100 dim embedding column,0.45042148,0.0,0.15501398,0.945,0.945,0.9180856,0.15501398,0.055,0.0,1000,0.061347894,0.34191167,0.0,0.24647155,0.911,0.911,0.8081439,0.24647155,0.089,0.0,1000,0.06610999
0,0.1,1000,"dnn classifier with [10, 10] hidden_units",indicator column,0.6921054,0.36507937,0.14671585,0.937,0.958,0.9099711,0.14671585,0.063,0.92,1000,0.028683769,0.41257828,0.16867469,0.29135844,0.917,0.922,0.7848209,0.29135844,0.083,0.6086956,1000,0.033632036
0,0.1,1000,"dnn classifier with [10, 10] hidden_units",2 dim embedding column,0.21641722,0.0,0.20820518,0.941,0.941,0.6105298,0.20820518,0.059,0.0,1000,0.058448784,0.10176711,0.0,0.30935758,0.90999997,0.91,0.5091026,0.30935758,0.09,0.0,1000,0.055053033
0,0.1,1000,"dnn classifier with [10, 10] hidden_units",4 dim embedding column,0.2708375,0.118644066,0.19479811,0.941,0.948,0.74544746,0.19479811,0.059,1.0,1000,0.040469903,0.21301977,0.0,0.2935332,0.912,0.912,0.72388357,0.2935332,0.088,0.0,1000,0.039016526
0,0.1,1000,"dnn classifier with [10, 10] hidden_units",10 dim embedding column,0.46512243,0.0,0.15845525,0.944,0.944,0.87727,0.15845525,0.056,0.0,1000,0.048172068,0.3209631,0.0,0.2397661,0.916,0.916,0.8315204,0.2397661,0.084,0.0,1000,0.050806083
0,0.1,1000,"dnn classifier with [10, 10] hidden_units",100 dim embedding column,0.5055171,0.0,0.1602975,0.94,0.94,0.8896277,0.1602975,0.06,0.0,1000,0.054923207,0.34371853,0.0,0.2339997,0.916,0.916,0.81827044,0.2339997,0.084,0.0,1000,0.05863378
0,0.1,1000,"dnn classifier with [20, 20] hidden_units",indicator column,0.7097729,0.3442623,0.13598204,0.939,0.959,0.8885717,0.13598204,0.061,0.95454544,1000,0.041057553,0.44725758,0.17708333,0.308877,0.904,0.918,0.7921276,0.308877,0.096,0.85,1000,0.044777304
0,0.1,1000,"dnn classifier with [20, 20] hidden_units",2 dim embedding column,0.3445912,0.0,0.19437045,0.94200003,0.942,0.7611831,0.19437045,0.058,0.0,1000,0.042744588,0.27297387,0.0,0.26271585,0.919,0.919,0.72894585,0.26271585,0.081,0.0,1000,0.04232975
0,0.1,1000,"dnn classifier with [20, 20] hidden_units",4 dim embedding column,0.30299604,0.13461539,0.16641408,0.948,0.955,0.8214561,0.16641408,0.052,1.0,1000,0.05315235,0.23343205,0.0,0.27253336,0.917,0.917,0.6963711,0.27253336,0.083,0.0,1000,0.051569834
0,0.1,1000,"dnn classifier with [20, 20] hidden_units",10 dim embedding column,0.3690834,0.0,0.18848303,0.939,0.939,0.8743868,0.18848303,0.061,0.0,1000,0.025587972,0.2722872,0.0,0.30617836,0.908,0.908,0.79777586,0.30617836,0.092,0.0,1000,0.026425557
0,0.1,1000,"dnn classifier with [20, 20] hidden_units",100 dim embedding column,0.53813946,0.14285715,0.14274333,0.944,0.952,0.90360165,0.14274333,0.056,1.0,1000,0.047993805,0.39558798,0.04819277,0.23692946,0.917,0.921,0.80870044,0.23692946,0.083,1.0,1000,0.04745554
0,0.1,2000,linear classifier,categorical column with vocabulary list,0.7991814,0.43589744,0.11118899,0.9415,0.967,0.9453182,0.11118899,0.0585,1.0,2000,0.033798873,0.58029854,0.25903615,0.23750538,0.917,0.934,0.8826483,0.23750538,0.083,0.8269231,2000,0.034915037
0,0.1,2000,"dnn classifier with [4, 4] hidden_units",indicator column,0.71566224,0.0,0.13068733,0.9475,0.9475,0.9136198,0.13068733,0.0525,0.0,2000,0.018760461,0.5185033,0.0,0.31629643,0.9145,0.9145,0.7867367,0.31629643,0.0855,0.0,2000,0.018978143
0,0.1,2000,"dnn classifier with [4, 4] hidden_units",2 dim embedding column,0.24031919,0.0,0.19847924,0.94200003,0.942,0.77241886,0.19847924,0.058,0.0,2000,0.051023208,0.22652474,0.0,0.28810534,0.9135,0.9135,0.67556655,0.28810534,0.0865,0.0,2000,0.051827133
0,0.1,2000,"dnn classifier with [4, 4] hidden_units",4 dim embedding column,0.2862851,0.0,0.19500436,0.944,0.944,0.8053283,0.19500436,0.056,0.0,2000,0.04807283,0.1989649,0.0,0.27756593,0.9155,0.9155,0.7232685,0.27756593,0.0845,0.0,2000,0.048764925
0,0.1,2000,"dnn classifier with [4, 4] hidden_units",10 dim embedding column,0.67687327,0.0,0.1489374,0.94200003,0.942,0.9344731,0.1489374,0.058,0.0,2000,0.062789865,0.4390789,0.0,0.22506545,0.914,0.914,0.84858435,0.22506545,0.086,0.0,2000,0.06901889
0,0.1,2000,"dnn classifier with [4, 4] hidden_units",100 dim embedding column,0.64824355,0.40163934,0.1262879,0.939,0.958,0.93328047,0.1262879,0.061,0.81666666,2000,0.063894175,0.39291662,0.18562874,0.21224903,0.9165,0.924,0.8574815,0.21224903,0.0835,0.65957445,2000,0.06810901
0,0.1,2000,"dnn classifier with [10, 10] hidden_units",indicator column,0.8045356,0.5,0.10096594,0.94200003,0.9705,0.9417646,0.10096594,0.058,0.9830508,2000,0.038060218,0.5361421,0.22033899,0.26437703,0.9115,0.931,0.8684217,0.26437703,0.0885,1.0,2000,0.033607375
0,0.1,2000,"dnn classifier with [10, 10] hidden_units",2 dim embedding column,0.35161114,0.0,0.18770735,0.9435,0.9435,0.7927717,0.18770735,0.0565,0.0,2000,0.074271,0.21630028,0.0,0.25679895,0.919,0.919,0.70333433,0.25679895,0.081,0.0,2000,0.07648314
0,0.1,2000,"dnn classifier with [10, 10] hidden_units",4 dim embedding column,0.51643074,0.20175439,0.14168775,0.943,0.949,0.9060576,0.14168775,0.057,0.6764706,2000,0.048168052,0.30966553,0.12048193,0.24466449,0.917,0.923,0.8021212,0.24466449,0.083,0.71428573,2000,0.050766703
0,0.1,2000,"dnn classifier with [10, 10] hidden_units",10 dim embedding column,0.64402145,0.40495867,0.125472,0.9395,0.959,0.92995226,0.125472,0.0605,0.8305085,2000,0.05027107,0.37022215,0.20588236,0.24120688,0.915,0.924,0.83034074,0.24120688,0.085,0.6730769,2000,0.050889224
0,0.1,2000,"dnn classifier with [10, 10] hidden_units",100 dim embedding column,0.6423354,0.54471546,0.12798,0.9385,0.9645,0.9368392,0.12798,0.0615,0.81707317,2000,0.08366801,0.4152381,0.23255815,0.20644811,0.914,0.9225,0.86949295,0.20644811,0.086,0.63492066,2000,0.09118366
0,0.1,2000,"dnn classifier with [20, 20] hidden_units",indicator column,0.82314444,0.47663552,0.09042316,0.9465,0.972,0.96743536,0.09042316,0.0535,1.0,2000,0.030087331,0.6181841,0.23353294,0.22527356,0.9165,0.936,0.8803424,0.22527356,0.0835,1.0,2000,0.03350173
0,0.1,2000,"dnn classifier with [20, 20] hidden_units",2 dim embedding column,0.49445224,0.0,0.1584082,0.94449997,0.9445,0.88768554,0.1584082,0.0555,0.0,2000,0.034341406,0.27102125,0.0,0.26496744,0.9165,0.9165,0.77687335,0.26496744,0.0835,0.0,2000,0.039244045
0,0.1,2000,"dnn classifier with [20, 20] hidden_units",4 dim embedding column,0.4578368,0.0,0.17142189,0.9395,0.9395,0.890453,0.17142189,0.0605,0.0,2000,0.0407079,0.2267744,0.0,0.26060954,0.917,0.917,0.7649026,0.26060954,0.083,0.0,2000,0.04106664
0,0.1,2000,"dnn classifier with [20, 20] hidden_units",10 dim embedding column,0.69512033,0.39655173,0.12037361,0.94200003,0.9635,0.9422541,0.12037361,0.058,0.93877554,2000,0.039730962,0.5474779,0.24561404,0.21975915,0.9145,0.93,0.8838084,0.21975915,0.0855,0.7924528,2000,0.04242607
0,0.1,2000,"dnn classifier with [20, 20] hidden_units",100 dim embedding column,0.71480954,0.5508475,0.12863089,0.941,0.969,0.9390951,0.12863089,0.059,0.8783784,2000,0.08188813,0.4559549,0.2748538,0.21790347,0.9145,0.923,0.84703875,0.21790347,0.0855,0.6103896,2000,0.09229591
0,0.01,500,linear classifier,categorical column with vocabulary list,0.38380954,0.0,0.16946422,0.954,0.954,0.8722997,0.16946422,0.046,0.0,500,0.014251122,0.32145232,0.0,0.30736366,0.918,0.918,0.7681864,0.30736366,0.082,0.0,500,0.01727581
0,0.01,500,"dnn classifier with [4, 4] hidden_units",indicator column,0.30403194,0.0,0.17662644,0.948,0.946,0.87017214,0.17662644,0.052,0.0,500,0.024763834,0.26332897,0.0,0.2626503,0.932,0.932,0.73450524,0.2626503,0.068,0.0,500,0.019416071
0,0.01,500,"dnn classifier with [4, 4] hidden_units",2 dim embedding column,0.058083046,0.0,0.5099394,0.94,0.94,0.4757802,0.5099394,0.06,0.0,500,0.38121113,0.062474716,0.0,0.51809144,0.926,0.926,0.40940404,0.51809144,0.074,0.0,500,0.3824687
0,0.01,500,"dnn classifier with [4, 4] hidden_units",4 dim embedding column,0.051219583,0.0,0.25934273,0.952,0.952,0.516763,0.25934273,0.048,0.0,500,0.16494654,0.0748366,0.0,0.3327019,0.90999997,0.91,0.41448107,0.3327019,0.09,0.0,500,0.16596246
0,0.01,500,"dnn classifier with [4, 4] hidden_units",10 dim embedding column,0.056752898,0.0,0.30023816,0.95,0.95,0.5216,0.30023816,0.05,0.0,500,0.20740682,0.10858172,0.0,0.34984747,0.908,0.908,0.5866692,0.34984747,0.092,0.0,500,0.20552635
0,0.01,500,"dnn classifier with [4, 4] hidden_units",100 dim embedding column,0.064400606,0.0,0.4119283,0.956,0.956,0.60560095,0.4119283,0.044,0.0,500,0.31467634,0.09396871,0.0,0.45571697,0.9,0.9,0.5241778,0.45571697,0.1,0.0,500,0.31464747
0,0.01,500,"dnn classifier with [10, 10] hidden_units",indicator column,0.23896977,0.0,0.24558805,0.94,0.94,0.71670216,0.24558805,0.06,0.0,500,0.01717602,0.34260678,0.0,0.27965567,0.924,0.924,0.7649237,0.27965567,0.076,0.0,500,0.020178726
0,0.01,500,"dnn classifier with [10, 10] hidden_units",2 dim embedding column,0.051924728,0.0,0.39426273,0.944,0.944,0.5277694,0.39426273,0.056,0.0,500,0.2924817,0.09531018,0.0,0.41310135,0.92,0.92,0.63442934,0.41310135,0.08,0.0,500,0.29281282
0,0.01,500,"dnn classifier with [10, 10] hidden_units",4 dim embedding column,0.077361494,0.0,0.25365236,0.94,0.94,0.48170215,0.25365236,0.06,0.0,500,0.12753539,0.20674473,0.0,0.287662,0.916,0.916,0.6540861,0.287662,0.084,0.0,500,0.1285527
0,0.01,500,"dnn classifier with [10, 10] hidden_units",10 dim embedding column,0.06003902,0.0,0.19969557,0.954,0.954,0.6478443,0.19969557,0.046,0.0,500,0.0973973,0.18320054,0.0,0.24503405,0.93,0.93,0.72930884,0.24503405,0.07,0.0,500,0.09863313
0,0.01,500,"dnn classifier with [10, 10] hidden_units",100 dim embedding column,0.12730822,0.0,0.23461495,0.936,0.936,0.7005209,0.23461495,0.064,0.0,500,0.089809984,0.18416837,0.0,0.278598,0.916,0.916,0.68954045,0.278598,0.084,0.0,500,0.09009739
0,0.01,500,"dnn classifier with [20, 20] hidden_units",indicator column,0.6309702,0.1724138,0.17174798,0.94200003,0.952,0.88139695,0.17174798,0.058,1.0,500,0.023620073,0.40670842,0.071428575,0.28769174,0.916,0.922,0.8217145,0.28769174,0.084,1.0,500,0.020992815
0,0.01,500,"dnn classifier with [20, 20] hidden_units",2 dim embedding column,0.042827643,0.0,0.21749601,0.948,0.948,0.46324247,0.21749601,0.052,0.0,500,0.0936046,0.081663236,0.0,0.28321344,0.918,0.918,0.54808974,0.28321344,0.082,0.0,500,0.093282536
0,0.01,500,"dnn classifier with [20, 20] hidden_units",4 dim embedding column,0.07133286,0.0,0.23843354,0.944,0.944,0.61190987,0.23843354,0.056,0.0,500,0.123271294,0.10189574,0.0,0.2748567,0.924,0.924,0.6272215,0.2748567,0.076,0.0,500,0.12283943
0,0.01,500,"dnn classifier with [20, 20] hidden_units",10 dim embedding column,0.15454537,0.0,0.22720778,0.94,0.94,0.7212057,0.22720778,0.06,0.0,500,0.09226679,0.13674918,0.0,0.27761298,0.918,0.918,0.6999043,0.27761298,0.082,0.0,500,0.0926277
0,0.01,500,"dnn classifier with [20, 20] hidden_units",100 dim embedding column,0.04708648,0.0,0.18945357,0.964,0.964,0.64672667,0.18945357,0.036,0.0,500,0.11009489,0.14113474,0.0,0.3090185,0.904,0.904,0.6896663,0.3090185,0.096,0.0,500,0.10967861
0,0.01,1000,linear classifier,categorical column with vocabulary list,0.5645861,0.0,0.211188,0.94,0.94,0.8768972,0.211188,0.06,0.0,1000,0.012870404,0.38040063,0.0,0.31971043,0.916,0.916,0.7913482,0.31971043,0.084,0.0,1000,0.014337257
0,0.01,1000,"dnn classifier with [4, 4] hidden_units",indicator column,0.35612148,0.05,0.19258134,0.94,0.94,0.85213643,0.19258134,0.06,0.5,1000,0.027748607,0.37841105,0.09677419,0.3089901,0.907,0.915,0.7666418,0.3089901,0.093,0.9,1000,0.029661776
0,0.01,1000,"dnn classifier with [4, 4] hidden_units",2 dim embedding column,0.057127066,0.0,0.36341175,0.952,0.952,0.53237706,0.36341175,0.048,0.0,1000,0.2709135,0.07824023,0.0,0.39693722,0.918,0.918,0.547711,0.39693722,0.082,0.0,1000,0.27073863
0,0.01,1000,"dnn classifier with [4, 4] hidden_units",4 dim embedding column,0.13145071,0.0,0.18596017,0.956,0.956,0.7553252,0.18596017,0.044,0.0,1000,0.089320116,0.124311596,0.0,0.26877698,0.92,0.92,0.64234376,0.26877698,0.08,0.0,1000,0.08953191
0,0.01,1000,"dnn classifier with [4, 4] hidden_units",10 dim embedding column,0.06488845,0.0,0.24021715,0.941,0.941,0.5909959,0.24021715,0.059,0.0,1000,0.11585438,0.09568755,0.0,0.277463,0.92,0.92,0.6319905,0.277463,0.08,0.0,1000,0.11493265
0,0.01,1000,"dnn classifier with [4, 4] hidden_units",100 dim embedding column,0.14280817,0.0,0.22323216,0.937,0.937,0.72954047,0.22323216,0.063,0.0,1000,0.06893466,0.20672607,0.0,0.2739158,0.916,0.916,0.6973448,0.2739158,0.084,0.0,1000,0.06834279
0,0.01,1000,"dnn classifier with [10, 10] hidden_units",indicator column,0.5037798,0.09615385,0.16801076,0.948,0.953,0.8631025,0.16801076,0.052,1.0,1000,0.020044947,0.37779683,0.09411765,0.27872396,0.915,0.923,0.8412986,0.27872396,0.085,1.0,1000,0.023919372
0,0.01,1000,"dnn classifier with [10, 10] hidden_units",2 dim embedding column,0.064666785,0.0,0.25400656,0.934,0.934,0.49541724,0.25400656,0.066,0.0,1000,0.10532387,0.074195385,0.0,0.29621774,0.914,0.914,0.47807363,0.29621774,0.086,0.0,1000,0.10654612
0,0.01,1000,"dnn classifier with [10, 10] hidden_units",4 dim embedding column,0.04214164,0.0,0.29936558,0.95,0.95,0.43882108,0.29936558,0.05,0.0,1000,0.20463887,0.08116947,0.0,0.33891442,0.921,0.921,0.43943018,0.33891442,0.079,0.0,1000,0.20507506
0,0.01,1000,"dnn classifier with [10, 10] hidden_units",10 dim embedding column,0.16578099,0.0,0.19361521,0.948,0.948,0.7426059,0.19361521,0.052,0.0,1000,0.05825212,0.14815912,0.0,0.28063074,0.917,0.917,0.71084994,0.28063074,0.083,0.0,1000,0.058063913
0,0.01,1000,"dnn classifier with [10, 10] hidden_units",100 dim embedding column,0.19849461,0.0,0.21951705,0.938,0.938,0.7455895,0.21951705,0.062,0.0,1000,0.06425936,0.1650864,0.0,0.2833112,0.914,0.914,0.69137704,0.2833112,0.086,0.0,1000,0.06437365
0,0.01,1000,"dnn classifier with [20, 20] hidden_units",indicator column,0.6807629,0.033333335,0.14670101,0.94,0.942,0.9254964,0.14670101,0.06,1.0,1000,0.031978253,0.4754821,0.023255814,0.24399157,0.914,0.916,0.8476032,0.24399157,0.086,1.0,1000,0.034605887
0,0.01,1000,"dnn classifier with [20, 20] hidden_units",2 dim embedding column,0.12396387,0.0,0.22941959,0.937,0.937,0.6457116,0.22941959,0.063,0.0,1000,0.06787959,0.099922776,0.0,0.29699916,0.913,0.913,0.5510695,0.29699916,0.087,0.0,1000,0.06760916
0,0.01,1000,"dnn classifier with [20, 20] hidden_units",4 dim embedding column,0.06632218,0.0,0.22104491,0.941,0.941,0.6056125,0.22104491,0.059,0.0,1000,0.06667032,0.096740656,0.0,0.27954257,0.918,0.918,0.6101945,0.27954257,0.082,0.0,1000,0.06647682
0,0.01,1000,"dnn classifier with [20, 20] hidden_units",10 dim embedding column,0.19701496,0.0,0.19639759,0.948,0.948,0.7642912,0.19639759,0.052,0.0,1000,0.068289995,0.1213616,0.0,0.2724993,0.92,0.92,0.6388451,0.2724993,0.08,0.0,1000,0.06634711
0,0.01,1000,"dnn classifier with [20, 20] hidden_units",100 dim embedding column,0.3234694,0.0,0.20591253,0.944,0.944,0.70051455,0.20591253,0.056,0.0,1000,0.06078259,0.21839026,0.0,0.2860274,0.914,0.914,0.692045,0.2860274,0.086,0.0,1000,0.061116073
0,0.01,2000,linear classifier,categorical column with vocabulary list,0.64569885,0.016666668,0.17600638,0.94,0.941,0.91351736,0.17600638,0.06,1.0,2000,0.018156791,0.49597627,0.06285714,0.29706916,0.9125,0.918,0.85988575,0.29706916,0.0875,1.0,2000,0.018579919
0,0.01,2000,"dnn classifier with [4, 4] hidden_units",indicator column,0.4550184,0.13157895,0.17399627,0.943,0.9505,0.8475912,0.17399627,0.057,1.0,2000,0.030947182,0.3708737,0.0,0.28249478,0.9145,0.9145,0.7681825,0.28249478,0.0855,0.0,2000,0.028326172
0,0.01,2000,"dnn classifier with [4, 4] hidden_units",2 dim embedding column,0.121477194,0.0,0.20832783,0.94449997,0.9445,0.74872065,0.20832783,0.0555,0.0,2000,0.067308515,0.12742199,0.0,0.28781247,0.914,0.914,0.65796113,0.28781247,0.086,0.0,2000,0.068311915
0,0.01,2000,"dnn classifier with [4, 4] hidden_units",4 dim embedding column,0.10314202,0.0,0.22525695,0.94200003,0.942,0.6349019,0.22525695,0.058,0.0,2000,0.09536563,0.09998046,0.0,0.2883653,0.915,0.915,0.58826584,0.2883653,0.085,0.0,2000,0.09608804
0,0.01,2000,"dnn classifier with [4, 4] hidden_units",10 dim embedding column,0.07167375,0.0,0.21235754,0.945,0.945,0.62043285,0.21235754,0.055,0.0,2000,0.073668525,0.1268887,0.0,0.2883576,0.914,0.914,0.5956281,0.2883576,0.086,0.0,2000,0.07293674
0,0.01,2000,"dnn classifier with [4, 4] hidden_units",100 dim embedding column,0.3755439,0.0,0.19557415,0.943,0.943,0.8136662,0.19557415,0.057,0.0,2000,0.061895363,0.26699936,0.0,0.26948273,0.916,0.916,0.7453294,0.26948273,0.084,0.0,2000,0.061613984
0,0.01,2000,"dnn classifier with [10, 10] hidden_units",indicator column,0.44314244,0.0,0.20145757,0.939,0.939,0.8888096,0.20145757,0.061,0.0,2000,0.016126107,0.35257798,0.0,0.31519166,0.911,0.911,0.79992974,0.31519166,0.089,0.0,2000,0.020694364
0,0.01,2000,"dnn classifier with [10, 10] hidden_units",2 dim embedding column,0.054395486,0.0,0.2257756,0.9415,0.9415,0.5096182,0.2257756,0.0585,0.0,2000,0.06776698,0.12740587,0.0,0.29225814,0.914,0.914,0.58857054,0.29225814,0.086,0.0,2000,0.066236824
0,0.01,2000,"dnn classifier with [10, 10] hidden_units",4 dim embedding column,0.27131253,0.0,0.2034823,0.9415,0.9415,0.7265048,0.2034823,0.0585,0.0,2000,0.06315193,0.102626085,0.0,0.28622067,0.9155,0.9155,0.6005142,0.28622067,0.0845,0.0,2000,0.061950214
0,0.01,2000,"dnn classifier with [10, 10] hidden_units",10 dim embedding column,0.24305435,0.0,0.20681486,0.941,0.941,0.7462693,0.20681486,0.059,0.0,2000,0.04785075,0.18725345,0.0,0.27853724,0.917,0.917,0.7063187,0.27853724,0.083,0.0,2000,0.04739758
0,0.01,2000,"dnn classifier with [10, 10] hidden_units",100 dim embedding column,0.3960251,0.0,0.198393,0.9405,0.9405,0.84094596,0.198393,0.0595,0.0,2000,0.04598032,0.31520134,0.0,0.27413628,0.9145,0.9145,0.80327666,0.27413628,0.0855,0.0,2000,0.046538744
0,0.01,2000,"dnn classifier with [20, 20] hidden_units",indicator column,0.721547,0.048,0.15881151,0.9375,0.9405,0.9365845,0.15881151,0.0625,1.0,2000,0.021299778,0.5120188,0.09146342,0.26036125,0.918,0.9255,0.85375655,0.26036125,0.082,1.0,2000,0.021307336
0,0.01,2000,"dnn classifier with [20, 20] hidden_units",2 dim embedding column,0.07360876,0.0,0.2172503,0.9425,0.9425,0.6194856,0.2172503,0.0575,0.0,2000,0.05754171,0.084784895,0.0,0.28682598,0.9165,0.9165,0.592014,0.28682598,0.0835,0.0,2000,0.05715114
0,0.01,2000,"dnn classifier with [20, 20] hidden_units",4 dim embedding column,0.06433066,0.0,0.21348177,0.9435,0.9435,0.5922333,0.21348177,0.0565,0.0,2000,0.057482816,0.11651341,0.0,0.27943823,0.917,0.917,0.6822995,0.27943823,0.083,0.0,2000,0.05750663
0,0.01,2000,"dnn classifier with [20, 20] hidden_units",10 dim embedding column,0.090978116,0.0,0.21278872,0.9435,0.9435,0.6536503,0.21278872,0.0565,0.0,2000,0.056884546,0.09858781,0.0,0.29964942,0.9135,0.9135,0.6023283,0.29964942,0.0865,0.0,2000,0.05647565
0,0.01,2000,"dnn classifier with [20, 20] hidden_units",100 dim embedding column,0.4817441,0.0,0.18337375,0.943,0.943,0.85899794,0.18337375,0.057,0.0,2000,0.04909969,0.36446464,0.0,0.27407148,0.912,0.912,0.7815366,0.27407148,0.088,0.0,2000,0.050053302
1,0.1,500,linear classifier,categorical column with vocabulary list,0.5764768,0.21875,0.18817852,0.936,0.946,0.88484913,0.18817852,0.064,0.7777778,500,0.027009929,0.48978025,0.2413793,0.17946452,0.94200003,0.95,0.87700427,0.17946452,0.058,0.7,500,0.028780887
1,0.1,500,"dnn classifier with [4, 4] hidden_units",indicator column,0.55254096,0.0,0.17164283,0.936,0.936,0.8820447,0.17164283,0.064,0.0,500,0.034456257,0.4317165,0.0,0.17301537,0.944,0.944,0.8320597,0.17301537,0.056,0.0,500,0.031276435
1,0.1,500,"dnn classifier with [4, 4] hidden_units",2 dim embedding column,0.20654473,0.0,0.20449223,0.94,0.94,0.81804967,0.20449223,0.06,0.0,500,0.054098736,0.19080573,0.0,0.22154611,0.936,0.936,0.7808161,0.22154611,0.064,0.0,500,0.05551503
1,0.1,500,"dnn classifier with [4, 4] hidden_units",4 dim embedding column,0.29466575,0.0,0.21899699,0.932,0.932,0.8033956,0.21899699,0.068,0.0,500,0.044343144,0.07984289,0.0,0.22878605,0.938,0.938,0.6155169,0.22878605,0.062,0.0,500,0.045561444
1,0.1,500,"dnn classifier with [4, 4] hidden_units",10 dim embedding column,0.20599665,0.0,0.2082362,0.938,0.938,0.7644955,0.2082362,0.062,0.0,500,0.07085292,0.39736438,0.0,0.21762355,0.932,0.932,0.81889045,0.21762355,0.068,0.0,500,0.070481025
1,0.1,500,"dnn classifier with [4, 4] hidden_units",100 dim embedding column,0.23210205,0.0,0.20855004,0.938,0.938,0.8308688,0.20855004,0.062,0.0,500,0.07006824,0.15412965,0.0,0.21406971,0.94,0.94,0.7324823,0.21406971,0.06,0.0,500,0.074570656
1,0.1,500,"dnn classifier with [10, 10] hidden_units",indicator column,0.64524573,0.0,0.2094327,0.918,0.918,0.90137625,0.2094327,0.082,0.0,500,0.032188646,0.23979223,0.0,0.17809835,0.95,0.95,0.7949474,0.17809835,0.05,0.0,500,0.032395046
1,0.1,500,"dnn classifier with [10, 10] hidden_units",2 dim embedding column,0.18992104,0.0,0.25237107,0.922,0.922,0.7903109,0.25237107,0.078,0.0,500,0.046405796,0.17903405,0.0,0.18642688,0.946,0.946,0.8631666,0.18642688,0.054,0.0,500,0.046427365
1,0.1,500,"dnn classifier with [10, 10] hidden_units",4 dim embedding column,0.23907717,0.0,0.22001518,0.94,0.94,0.8015958,0.22001518,0.06,0.0,500,0.09351962,0.20388794,0.0,0.23111859,0.938,0.938,0.686464,0.23111859,0.062,0.0,500,0.09844564
1,0.1,500,"dnn classifier with [10, 10] hidden_units",10 dim embedding column,0.32257247,0.0,0.22254324,0.934,0.934,0.8121797,0.22254324,0.066,0.0,500,0.086120196,0.20956087,0.0,0.20886476,0.944,0.944,0.7462925,0.20886476,0.056,0.0,500,0.08715158
1,0.1,500,"dnn classifier with [10, 10] hidden_units",100 dim embedding column,0.26193452,0.0,0.214366,0.934,0.934,0.75420153,0.214366,0.066,0.0,500,0.07358338,0.12906002,0.0,0.20791458,0.94,0.94,0.75741136,0.20791458,0.06,0.0,500,0.07566966
1,0.1,500,"dnn classifier with [20, 20] hidden_units",indicator column,0.5379558,0.028571429,0.2549004,0.93,0.932,0.865407,0.2549004,0.07,1.0,500,0.013768011,0.36166564,0.115384616,0.22174814,0.948,0.954,0.7450909,0.22174814,0.052,1.0,500,0.0137340315
1,0.1,500,"dnn classifier with [20, 20] hidden_units",2 dim embedding column,0.33193427,0.0,0.27557775,0.90999997,0.91,0.75479853,0.27557775,0.09,0.0,500,0.09087947,0.10046414,0.0,0.20220006,0.95,0.95,0.685179,0.20220006,0.05,0.0,500,0.09172843
1,0.1,500,"dnn classifier with [20, 20] hidden_units",4 dim embedding column,0.3882779,0.0,0.21705419,0.936,0.936,0.7975428,0.21705419,0.064,0.0,500,0.10632967,0.28470236,0.0,0.22249252,0.936,0.936,0.7932359,0.22249252,0.064,0.0,500,0.10904737
1,0.1,500,"dnn classifier with [20, 20] hidden_units",10 dim embedding column,0.19896013,0.0,0.21835136,0.936,0.936,0.74295545,0.21835136,0.064,0.0,500,0.039487142,0.26024497,0.0,0.19780608,0.944,0.944,0.739596,0.19780608,0.056,0.0,500,0.041508444
1,0.1,500,"dnn classifier with [20, 20] hidden_units",100 dim embedding column,0.5186672,0.0,0.23359893,0.90999997,0.91,0.8495238,0.23359893,0.09,0.0,500,0.08584047,0.19635297,0.0,0.21028358,0.94,0.94,0.7294681,0.21028358,0.06,0.0,500,0.083643585
1,0.1,1000,linear classifier,categorical column with vocabulary list,0.7759789,0.61290324,0.10162645,0.938,0.971,0.9321394,0.10162645,0.062,0.88372093,1000,0.062223703,0.36721843,0.23728813,0.2088191,0.941,0.946,0.8346423,0.2088191,0.059,0.6086956,1000,0.05193753
1,0.1,1000,"dnn classifier with [4, 4] hidden_units",indicator column,0.68769664,0.33333334,0.118701726,0.94,0.955,0.96479607,0.118701726,0.06,0.8,1000,0.03202562,0.3714266,0.22413793,0.18168235,0.94200003,0.945,0.839419,0.18168235,0.058,0.5652174,1000,0.028842207
1,0.1,1000,"dnn classifier with [4, 4] hidden_units",2 dim embedding column,0.17332715,0.0,0.23904665,0.924,0.924,0.7335242,0.23904665,0.076,0.0,1000,0.07131385,0.112037405,0.0,0.22233254,0.935,0.935,0.7116002,0.22233254,0.065,0.0,1000,0.07017203
1,0.1,1000,"dnn classifier with [4, 4] hidden_units",4 dim embedding column,0.45519233,0.0,0.24319461,0.921,0.921,0.82377434,0.24319461,0.079,0.0,1000,0.071863964,0.28183103,0.0,0.2105287,0.94,0.94,0.7031028,0.2105287,0.06,0.0,1000,0.0751497
1,0.1,1000,"dnn classifier with [4, 4] hidden_units",10 dim embedding column,0.29233816,0.0,0.21831219,0.927,0.927,0.85403645,0.21831219,0.073,0.0,1000,0.063252725,0.17615739,0.0,0.19883576,0.94200003,0.942,0.7538894,0.19883576,0.058,0.0,1000,0.064234994
1,0.1,1000,"dnn classifier with [4, 4] hidden_units",100 dim embedding column,0.504604,0.0,0.1983611,0.932,0.932,0.8842543,0.1983611,0.068,0.0,1000,0.08839937,0.29787076,0.0,0.18735707,0.948,0.948,0.78895855,0.18735707,0.052,0.0,1000,0.08909868
1,0.1,1000,"dnn classifier with [10, 10] hidden_units",indicator column,0.6618877,0.3880597,0.1458444,0.93299997,0.955,0.94122636,0.1458444,0.067,0.8666667,1000,0.037485443,0.37250143,0.15517241,0.21028788,0.94200003,0.947,0.80502784,0.21028788,0.058,0.6923077,1000,0.027573714
1,0.1,1000,"dnn classifier with [10, 10] hidden_units",2 dim embedding column,0.08516474,0.0,0.25465944,0.927,0.927,0.59416145,0.25465944,0.073,0.0,1000,0.081199095,0.071898475,0.0,0.22883628,0.939,0.939,0.5834075,0.22883628,0.061,0.0,1000,0.082975574
1,0.1,1000,"dnn classifier with [10, 10] hidden_units",4 dim embedding column,0.46476454,0.0,0.2159212,0.926,0.926,0.8548173,0.2159212,0.074,0.0,1000,0.10398823,0.20714979,0.0,0.21035376,0.944,0.944,0.73911357,0.21035376,0.056,0.0,1000,0.105596274
1,0.1,1000,"dnn classifier with [10, 10] hidden_units",10 dim embedding column,0.39593953,0.016393442,0.19298081,0.939,0.937,0.8558285,0.19298081,0.061,0.25,1000,0.10996469,0.18759409,0.03448276,0.21955189,0.94200003,0.943,0.73529357,0.21955189,0.058,0.6666667,1000,0.117516
1,0.1,1000,"dnn classifier with [10, 10] hidden_units",100 dim embedding column,0.5490285,0.08,0.19852057,0.925,0.931,0.8828396,0.19852057,0.075,1.0,1000,0.046110004,0.36276627,0.05263158,0.18058771,0.943,0.946,0.81155705,0.18058771,0.057,1.0,1000,0.043172866
1,0.1,1000,"dnn classifier with [20, 20] hidden_units",indicator column,0.8251622,0.5,0.11338512,0.924,0.961,0.9486643,0.11338512,0.076,0.974359,1000,0.060838956,0.4085145,0.23809524,0.19467211,0.937,0.95,0.7906778,0.19467211,0.063,0.88235295,1000,0.044226002
1,0.1,1000,"dnn classifier with [20, 20] hidden_units",2 dim embedding column,0.38361555,0.1875,0.21748888,0.92,0.929,0.8322962,0.21748888,0.08,0.71428573,1000,0.08385613,0.15733594,0.048387095,0.22625118,0.938,0.933,0.71491337,0.22625118,0.062,0.27272728,1000,0.08545694
1,0.1,1000,"dnn classifier with [20, 20] hidden_units",4 dim embedding column,0.42164263,0.15068494,0.20099662,0.927,0.938,0.8345376,0.20099662,0.073,1.0,1000,0.05257746,0.2069359,0.036363635,0.1928434,0.945,0.945,0.741241,0.1928434,0.055,0.5,1000,0.047621477
1,0.1,1000,"dnn classifier with [20, 20] hidden_units",10 dim embedding column,0.34291938,0.0,0.1927733,0.934,0.934,0.8571232,0.1927733,0.066,0.0,1000,0.061502773,0.257075,0.0,0.18511312,0.948,0.948,0.7376663,0.18511312,0.052,0.0,1000,0.062102955
1,0.1,1000,"dnn classifier with [20, 20] hidden_units",100 dim embedding column,0.5601929,0.0,0.21861188,0.925,0.925,0.8868396,0.21861188,0.075,0.0,1000,0.02518203,0.34680676,0.0,0.20468849,0.938,0.938,0.8237413,0.20468849,0.062,0.0,1000,0.024770517
1,0.1,2000,linear classifier,categorical column with vocabulary list,0.80298245,0.58156025,0.109053366,0.9295,0.965,0.9604074,0.109053366,0.0705,0.8817204,2000,0.054555424,0.46888596,0.2892562,0.19147399,0.9395,0.9445,0.8676278,0.19147399,0.0605,0.5833333,2000,0.043762274
1,0.1,2000,"dnn classifier with [4, 4] hidden_units",indicator column,0.77212775,0.5958904,0.11131687,0.927,0.9625,0.9543971,0.11131687,0.073,0.8446602,2000,0.07451473,0.47528017,0.35344827,0.16759399,0.94200003,0.9505,0.8722819,0.16759399,0.058,0.63076925,2000,0.061423145
1,0.1,2000,"dnn classifier with [4, 4] hidden_units",2 dim embedding column,0.5148592,0.17266187,0.1813063,0.93050003,0.9415,0.87660575,0.1813063,0.0695,0.9230769,2000,0.08181742,0.3208629,0.112068966,0.19453743,0.94200003,0.9485,0.742919,0.19453743,0.058,1.0,2000,0.08010022
1,0.1,2000,"dnn classifier with [4, 4] hidden_units",4 dim embedding column,0.533805,0.09150327,0.17906736,0.9235,0.9305,0.90698564,0.17906736,0.0765,1.0,2000,0.060078446,0.2603554,0.025641026,0.18786944,0.9415,0.943,0.77118933,0.18786944,0.0585,1.0,2000,0.056164484
1,0.1,2000,"dnn classifier with [4, 4] hidden_units",10 dim embedding column,0.67225355,0.18705036,0.14646365,0.93050003,0.9415,0.94265866,0.14646365,0.0695,0.8666667,2000,0.048609223,0.3576188,0.18644068,0.17016229,0.941,0.95,0.8512446,0.17016229,0.059,0.84615386,2000,0.045096003
1,0.1,2000,"dnn classifier with [4, 4] hidden_units",100 dim embedding column,0.66558164,0.0,0.16535276,0.9255,0.9255,0.9346715,0.16535276,0.0745,0.0,2000,0.056138877,0.36777514,0.0,0.17098974,0.9435,0.9435,0.8325689,0.17098974,0.0565,0.0,2000,0.055125203
1,0.1,2000,"dnn classifier with [10, 10] hidden_units",indicator column,0.84668994,0.6,0.100081354,0.925,0.969,0.96539456,0.100081354,0.075,0.9782609,2000,0.055796668,0.46213546,0.28695652,0.16528258,0.9425,0.957,0.86009693,0.16528258,0.0575,0.8918919,2000,0.03436709
1,0.1,2000,"dnn classifier with [10, 10] hidden_units",2 dim embedding column,0.3046646,0.0,0.20095266,0.9325,0.9325,0.85920763,0.20095266,0.0675,0.0,2000,0.08233707,0.13709399,0.0,0.20988055,0.9385,0.9385,0.77642274,0.20988055,0.0615,0.0,2000,0.07816347
1,0.1,2000,"dnn classifier with [10, 10] hidden_units",4 dim embedding column,0.5693096,0.35714287,0.1452682,0.93,0.944,0.93812215,0.1452682,0.07,0.6944444,2000,0.081138626,0.24446306,0.18421052,0.18725015,0.943,0.9325,0.82208943,0.18725015,0.057,0.33333334,2000,0.089899614
1,0.1,2000,"dnn classifier with [10, 10] hidden_units",10 dim embedding column,0.70437187,0.6028369,0.14273995,0.9295,0.9545,0.9309893,0.14273995,0.0705,0.7083333,2000,0.10326315,0.3497604,0.2881356,0.20776856,0.941,0.9285,0.79956406,0.20776856,0.059,0.3655914,2000,0.10635818
1,0.1,2000,"dnn classifier with [10, 10] hidden_units",100 dim embedding column,0.66453385,0.44094488,0.12581804,0.9365,0.956,0.9416386,0.12581804,0.0635,0.7671233,2000,0.048939213,0.36143792,0.23636363,0.18225095,0.945,0.9495,0.82198894,0.18225095,0.055,0.60465115,2000,0.044198744
1,0.1,2000,"dnn classifier with [20, 20] hidden_units",indicator column,0.81410444,0.568,0.10776411,0.9375,0.971,0.9356757,0.10776411,0.0625,0.94666666,2000,0.042637307,0.48567367,0.3125,0.20881644,0.944,0.9595,0.7893226,0.20881644,0.056,0.8974359,2000,0.026372408
1,0.1,2000,"dnn classifier with [20, 20] hidden_units",2 dim embedding column,0.51511574,0.2027027,0.1872018,0.926,0.939,0.8726139,0.1872018,0.074,0.88235295,2000,0.0521099,0.2660383,0.14655173,0.19741938,0.94200003,0.9395,0.7357283,0.19741938,0.058,0.43589744,2000,0.05549522
1,0.1,2000,"dnn classifier with [20, 20] hidden_units",4 dim embedding column,0.5831143,0.25735295,0.14937997,0.932,0.9455,0.92375475,0.14937997,0.068,0.81395346,2000,0.052928828,0.36730906,0.20353982,0.17808847,0.9435,0.953,0.8065572,0.17808847,0.0565,0.8518519,2000,0.049051657
1,0.1,2000,"dnn classifier with [20, 20] hidden_units",10 dim embedding column,0.609325,0.3955224,0.14405304,0.93299997,0.9475,0.92874455,0.14405304,0.067,0.6883117,2000,0.049890727,0.2786534,0.3,0.21733136,0.94,0.9395,0.7946919,0.21733136,0.06,0.49315068,2000,0.050558973
1,0.1,2000,"dnn classifier with [20, 20] hidden_units",100 dim embedding column,0.7253623,0.54347825,0.1298499,0.931,0.958,0.9471486,0.1298499,0.069,0.78125,2000,0.08689471,0.3569856,0.30769232,0.18872195,0.9415,0.9375,0.82401013,0.18872195,0.0585,0.45,2000,0.088953614
1,0.01,500,linear classifier,categorical column with vocabulary list,0.5563364,0.0,0.23990124,0.926,0.926,0.8713152,0.23990124,0.074,0.0,500,0.01911049,0.3353313,0.0,0.20565984,0.946,0.946,0.7266072,0.20565984,0.054,0.0,500,0.018986871
1,0.01,500,"dnn classifier with [4, 4] hidden_units",indicator column,0.19975221,0.0,0.26880127,0.918,0.918,0.7411659,0.26880127,0.082,0.0,500,0.05243153,0.14997748,0.0,0.20476675,0.95,0.95,0.58315796,0.20476675,0.05,0.0,500,0.053682
1,0.01,500,"dnn classifier with [4, 4] hidden_units",2 dim embedding column,0.08451174,0.0,0.25085378,0.938,0.938,0.64811885,0.25085378,0.062,0.0,500,0.13059558,0.0998666,0.0,0.25370598,0.936,0.936,0.680155,0.25370598,0.064,0.0,500,0.13361883
1,0.01,500,"dnn classifier with [4, 4] hidden_units",4 dim embedding column,0.10327717,0.0,0.30929813,0.914,0.914,0.5980866,0.30929813,0.086,0.0,500,0.14796232,0.10769406,0.0,0.28919646,0.924,0.924,0.6746981,0.28919646,0.076,0.0,500,0.15021423
1,0.01,500,"dnn classifier with [4, 4] hidden_units",10 dim embedding column,0.0959744,0.0,0.271158,0.938,0.938,0.5781691,0.271158,0.062,0.0,500,0.15812159,0.060242105,0.0,0.2838419,0.934,0.934,0.4701188,0.2838419,0.066,0.0,500,0.1588214
1,0.01,500,"dnn classifier with [4, 4] hidden_units",100 dim embedding column,0.12678665,0.0,0.34999472,0.936,0.936,0.72282326,0.34999472,0.064,0.0,500,0.24464402,0.07077747,0.0,0.35669532,0.934,0.934,0.5619688,0.35669532,0.066,0.0,500,0.24705507
1,0.01,500,"dnn classifier with [10, 10] hidden_units",indicator column,0.15865627,0.05882353,0.28622356,0.932,0.932,0.64854205,0.28622356,0.068,0.5,500,0.02758541,0.24024312,0.09090909,0.25884372,0.934,0.94,0.72019994,0.25884372,0.066,1.0,500,0.026686465
1,0.01,500,"dnn classifier with [10, 10] hidden_units",2 dim embedding column,0.120084666,0.0,0.25323656,0.928,0.928,0.69821596,0.25323656,0.072,0.0,500,0.107931554,0.13877903,0.0,0.25020748,0.934,0.934,0.57144254,0.25020748,0.066,0.0,500,0.11216891
1,0.01,500,"dnn classifier with [10, 10] hidden_units",4 dim embedding column,0.12376045,0.0,0.33894238,0.928,0.928,0.70842314,0.33894238,0.072,0.0,500,0.22244895,0.068041146,0.0,0.31798917,0.946,0.946,0.62555796,0.31798917,0.054,0.0,500,0.22264872
1,0.01,500,"dnn classifier with [10, 10] hidden_units",10 dim embedding column,0.10350487,0.0,0.30185536,0.916,0.916,0.59422433,0.30185536,0.084,0.0,500,0.14458962,0.062069386,0.0,0.25158024,0.946,0.946,0.591379,0.25158024,0.054,0.0,500,0.14517188
1,0.01,500,"dnn classifier with [10, 10] hidden_units",100 dim embedding column,0.08504756,0.0,0.25089118,0.934,0.934,0.6369152,0.25089118,0.066,0.0,500,0.11070504,0.048790537,0.0,0.22816956,0.948,0.948,0.49054694,0.22816956,0.052,0.0,500,0.11295409
1,0.01,500,"dnn classifier with [20, 20] hidden_units",indicator column,0.5541903,0.0,0.20388712,0.944,0.944,0.84526336,0.20388712,0.056,0.0,500,0.010477262,0.3810854,0.0,0.2255099,0.94200003,0.942,0.799839,0.2255099,0.058,0.0,500,0.011568263
1,0.01,500,"dnn classifier with [20, 20] hidden_units",2 dim embedding column,0.12613532,0.0,0.2889337,0.918,0.918,0.54397154,0.2889337,0.082,0.0,500,0.12596472,0.050954692,0.0,0.24081868,0.944,0.944,0.48653153,0.24081868,0.056,0.0,500,0.12444019
1,0.01,500,"dnn classifier with [20, 20] hidden_units",4 dim embedding column,0.09267351,0.0,0.2502567,0.932,0.932,0.5577822,0.2502567,0.068,0.0,500,0.092421174,0.04628312,0.0,0.22122525,0.946,0.946,0.4839089,0.22122525,0.054,0.0,500,0.093385585
1,0.01,500,"dnn classifier with [20, 20] hidden_units",10 dim embedding column,0.12421812,0.0,0.22879864,0.94,0.94,0.7115958,0.22879864,0.06,0.0,500,0.09508742,0.12765461,0.0,0.24319664,0.934,0.934,0.6957369,0.24319664,0.066,0.0,500,0.094258256
1,0.01,500,"dnn classifier with [20, 20] hidden_units",100 dim embedding column,0.09645364,0.0,0.26709986,0.924,0.924,0.6394111,0.26709986,0.076,0.0,500,0.097964555,0.0796072,0.0,0.22992617,0.94200003,0.942,0.606267,0.22992617,0.058,0.0,500,0.0994771
1,0.01,1000,linear classifier,categorical column with vocabulary list,0.64848435,0.097222224,0.21598917,0.928,0.935,0.92493564,0.21598917,0.072,1.0,1000,0.019999186,0.26326284,0.017857144,0.21313958,0.944,0.945,0.72917295,0.21313958,0.056,1.0,1000,0.019010529
1,0.01,1000,"dnn classifier with [4, 4] hidden_units",indicator column,0.26790833,0.0,0.23495719,0.929,0.929,0.83332074,0.23495719,0.071,0.0,1000,0.027172213,0.1552776,0.0,0.20508832,0.945,0.945,0.7052045,0.20508832,0.055,0.0,1000,0.028646188
1,0.01,1000,"dnn classifier with [4, 4] hidden_units",2 dim embedding column,0.28776303,0.0,0.5144034,0.927,0.927,0.54813,0.5144034,0.073,0.0,1000,0.38071838,0.12685059,0.0,0.50726396,0.94200003,0.942,0.5105791,0.50726396,0.058,0.0,1000,0.38066614
1,0.01,1000,"dnn classifier with [4, 4] hidden_units",4 dim embedding column,0.10091093,0.0,0.3048815,0.931,0.931,0.63611674,0.3048815,0.069,0.0,1000,0.1869912,0.08543009,0.0,0.29996732,0.937,0.937,0.6378089,0.29996732,0.063,0.0,1000,0.18941036
1,0.01,1000,"dnn classifier with [4, 4] hidden_units",10 dim embedding column,0.15880081,0.0,0.2816001,0.927,0.927,0.62698936,0.2816001,0.073,0.0,1000,0.14744693,0.0695189,0.0,0.26791713,0.939,0.939,0.48314393,0.26791713,0.061,0.0,1000,0.14819983
1,0.01,1000,"dnn classifier with [4, 4] hidden_units",100 dim embedding column,0.1625965,0.0,0.2387158,0.932,0.932,0.7769739,0.2387158,0.068,0.0,1000,0.10706122,0.08850995,0.0,0.23675844,0.939,0.939,0.66286945,0.23675844,0.061,0.0,1000,0.11110323
1,0.01,1000,"dnn classifier with [10, 10] hidden_units",indicator column,0.52565753,0.015151516,0.20574702,0.934,0.935,0.89297414,0.20574702,0.066,1.0,1000,0.018185519,0.2989487,0.0,0.22694378,0.94,0.94,0.7696188,0.22694378,0.06,0.0,1000,0.016942047
1,0.01,1000,"dnn classifier with [10, 10] hidden_units",2 dim embedding column,0.09836939,0.0,0.2527438,0.929,0.929,0.62504745,0.2527438,0.071,0.0,1000,0.089947425,0.055070236,0.0,0.21488585,0.949,0.949,0.5633174,0.21488585,0.051,0.0,1000,0.09177512
1,0.01,1000,"dnn classifier with [10, 10] hidden_units",4 dim embedding column,0.22708699,0.0,0.24553628,0.928,0.928,0.739516,0.24553628,0.072,0.0,1000,0.09107921,0.12739885,0.0,0.22321822,0.944,0.944,0.5528904,0.22321822,0.056,0.0,1000,0.09437483
1,0.01,1000,"dnn classifier with [10, 10] hidden_units",10 dim embedding column,0.11575006,0.0,0.38504806,0.917,0.917,0.6342119,0.38504806,0.083,0.0,1000,0.25905555,0.054360494,0.0,0.36061487,0.943,0.943,0.501479,0.36061487,0.057,0.0,1000,0.26023167
1,0.01,1000,"dnn classifier with [10, 10] hidden_units",100 dim embedding column,0.24118006,0.0,0.2146669,0.937,0.937,0.8201115,0.2146669,0.063,0.0,1000,0.0803169,0.116802864,0.0,0.21154857,0.944,0.944,0.6608561,0.21154857,0.056,0.0,1000,0.08340212
1,0.01,1000,"dnn classifier with [20, 20] hidden_units",indicator column,0.6168008,0.014492754,0.20037512,0.931,0.932,0.90190536,0.20037512,0.069,1.0,1000,0.020240609,0.4002292,0.084745765,0.19619374,0.941,0.946,0.78901815,0.19619374,0.059,1.0,1000,0.024485286
1,0.01,1000,"dnn classifier with [20, 20] hidden_units",2 dim embedding column,0.4003373,0.0,0.23978399,0.936,0.936,0.57093847,0.23978399,0.064,0.0,1000,0.084140874,0.4339584,0.0,0.23176959,0.939,0.939,0.61667454,0.23176959,0.061,0.0,1000,0.08423056
1,0.01,1000,"dnn classifier with [20, 20] hidden_units",4 dim embedding column,0.1297595,0.0,0.25699583,0.926,0.926,0.5853424,0.25699583,0.074,0.0,1000,0.080099985,0.10217956,0.0,0.20935248,0.946,0.946,0.656595,0.20935248,0.054,0.0,1000,0.079575196
1,0.01,1000,"dnn classifier with [20, 20] hidden_units",10 dim embedding column,0.16460985,0.0,0.25916684,0.921,0.921,0.753412,0.25916684,0.079,0.0,1000,0.075580314,0.07380973,0.0,0.21033369,0.945,0.945,0.6449832,0.21033369,0.055,0.0,1000,0.07598407
1,0.01,1000,"dnn classifier with [20, 20] hidden_units",100 dim embedding column,0.32201454,0.0,0.23833272,0.932,0.932,0.80356914,0.23833272,0.068,0.0,1000,0.09060536,0.15557979,0.0,0.21893232,0.943,0.943,0.7338189,0.21893232,0.057,0.0,1000,0.09160635
1,0.01,2000,linear classifier,categorical column with vocabulary list,0.621113,0.067669176,0.19947712,0.9335,0.938,0.90252745,0.19947712,0.0665,1.0,2000,0.017984303,0.34354565,0.036363635,0.20337078,0.945,0.947,0.79155844,0.20337078,0.055,1.0,2000,0.01644593
1,0.01,2000,"dnn classifier with [4, 4] hidden_units",indicator column,0.5955037,0.1037037,0.18429598,0.9325,0.9395,0.88432133,0.18429598,0.0675,1.0,2000,0.028899373,0.2971012,0.044247787,0.19618997,0.9435,0.946,0.7636671,0.19618997,0.0565,1.0,2000,0.026400935
1,0.01,2000,"dnn classifier with [4, 4] hidden_units",2 dim embedding column,0.17856738,0.0,0.24696127,0.928,0.928,0.64931864,0.24696127,0.072,0.0,2000,0.07988843,0.086877234,0.0,0.22998439,0.939,0.939,0.5881606,0.22998439,0.061,0.0,2000,0.08507333
1,0.01,2000,"dnn classifier with [4, 4] hidden_units",4 dim embedding column,0.24152635,0.0,0.45636776,0.934,0.934,0.52726144,0.45636776,0.066,0.0,2000,0.3376717,0.27800003,0.0,0.4512609,0.9415,0.9415,0.5199832,0.4512609,0.0585,0.0,2000,0.33759466
1,0.01,2000,"dnn classifier with [4, 4] hidden_units",10 dim embedding column,0.14600852,0.0,0.24842335,0.9275,0.9275,0.7068631,0.24842335,0.0725,0.0,2000,0.08408436,0.05968505,0.0,0.22854863,0.9415,0.9415,0.5170214,0.22854863,0.0585,0.0,2000,0.08805909
1,0.01,2000,"dnn classifier with [4, 4] hidden_units",100 dim embedding column,0.30192667,0.0,0.22427626,0.93,0.93,0.79244435,0.22427626,0.07,0.0,2000,0.06432627,0.13865691,0.0,0.20288381,0.945,0.945,0.693177,0.20288381,0.055,0.0,2000,0.067120425
1,0.01,2000,"dnn classifier with [10, 10] hidden_units",indicator column,0.686953,0.0,0.1661839,0.934,0.934,0.92554224,0.1661839,0.066,0.0,2000,0.024607353,0.32434767,0.0,0.21929692,0.9365,0.9365,0.7888057,0.21929692,0.0635,0.0,2000,0.023266025
1,0.01,2000,"dnn classifier with [10, 10] hidden_units",2 dim embedding column,0.14873165,0.0,0.2524117,0.927,0.927,0.65781873,0.2524117,0.073,0.0,2000,0.07695478,0.117005855,0.0,0.21414983,0.944,0.944,0.65251875,0.21414983,0.056,0.0,2000,0.07871422
1,0.01,2000,"dnn classifier with [10, 10] hidden_units",4 dim embedding column,0.1122918,0.0,0.24491037,0.928,0.928,0.6887423,0.24491037,0.072,0.0,2000,0.08279608,0.12634328,0.0,0.22301252,0.9395,0.9395,0.64135134,0.22301252,0.0605,0.0,2000,0.08354286
1,0.01,2000,"dnn classifier with [10, 10] hidden_units",10 dim embedding column,0.35195345,0.0,0.2319996,0.93050003,0.9305,0.7864361,0.2319996,0.0695,0.0,2000,0.071429715,0.11648832,0.0,0.22692105,0.9385,0.9385,0.63104725,0.22692105,0.0615,0.0,2000,0.07455189
1,0.01,2000,"dnn classifier with [10, 10] hidden_units",100 dim embedding column,0.4018266,0.0,0.22956057,0.927,0.927,0.83531904,0.22956057,0.073,0.0,2000,0.0688395,0.17320003,0.0,0.21276571,0.941,0.941,0.6728417,0.21276571,0.059,0.0,2000,0.07048404
1,0.01,2000,"dnn classifier with [20, 20] hidden_units",indicator column,0.7798983,0.33088234,0.14015155,0.932,0.9535,0.9457425,0.14015155,0.068,0.9574468,2000,0.03132084,0.40628445,0.15254237,0.1975543,0.941,0.95,0.8315779,0.1975543,0.059,1.0,2000,0.022425981
1,0.01,2000,"dnn classifier with [20, 20] hidden_units",2 dim embedding column,0.15072389,0.0,0.23807952,0.931,0.931,0.70319235,0.23807952,0.069,0.0,2000,0.07494215,0.09158464,0.0,0.20425673,0.946,0.946,0.6977527,0.20425673,0.054,0.0,2000,0.07460159
1,0.01,2000,"dnn classifier with [20, 20] hidden_units",4 dim embedding column,0.124043174,0.0,0.2327328,0.934,0.934,0.69773614,0.2327328,0.066,0.0,2000,0.07300179,0.072107375,0.0,0.2185269,0.94200003,0.942,0.62014055,0.2185269,0.058,0.0,2000,0.074192345
1,0.01,2000,"dnn classifier with [20, 20] hidden_units",10 dim embedding column,0.3065108,0.0,0.23086958,0.9325,0.9325,0.73393506,0.23086958,0.0675,0.0,2000,0.06777883,0.1302202,0.0,0.21685177,0.94200003,0.942,0.6256108,0.21685177,0.058,0.0,2000,0.068148315
1,0.01,2000,"dnn classifier with [20, 20] hidden_units",100 dim embedding column,0.3954539,0.0,0.22172129,0.931,0.931,0.83170474,0.22172129,0.069,0.0,2000,0.067377076,0.2230926,0.0,0.2087117,0.94200003,0.942,0.71008354,0.2087117,0.058,0.0,2000,0.07056136
2,0.1,500,linear classifier,categorical column with vocabulary list,0.7441613,0.55263156,0.14388031,0.924,0.962,0.92353046,0.14388031,0.076,0.9130435,500,0.057850227,0.6360874,0.52380955,0.1150556,0.958,0.966,0.95536345,0.1150556,0.042,0.6111111,500,0.048273843
2,0.1,500,"dnn classifier with [4, 4] hidden_units",indicator column,0.49015075,0.0,0.18577619,0.934,0.934,0.8593213,0.18577619,0.066,0.0,500,0.04493475,0.5669101,0.0,0.13729279,0.95,0.95,0.9416421,0.13729279,0.05,0.0,500,0.047199287
2,0.1,500,"dnn classifier with [4, 4] hidden_units",2 dim embedding column,0.15795897,0.0,0.23217835,0.932,0.932,0.7020639,0.23217835,0.068,0.0,500,0.074555464,0.08901748,0.0,0.20768474,0.944,0.944,0.69154817,0.20768474,0.056,0.0,500,0.07576763
2,0.1,500,"dnn classifier with [4, 4] hidden_units",4 dim embedding column,0.0370005,0.0,0.2782905,0.926,0.926,0.49892008,0.2782905,0.074,0.0,500,0.1265633,0.0230005,0.0,0.22417584,0.954,0.954,0.4989518,0.22417584,0.046,0.0,500,0.12654811
2,0.1,500,"dnn classifier with [4, 4] hidden_units",10 dim embedding column,0.23733296,0.0,0.22099647,0.934,0.934,0.7741549,0.22099647,0.066,0.0,500,0.06203575,0.39978802,0.0,0.16613594,0.954,0.954,0.84522843,0.16613594,0.046,0.0,500,0.06311594
2,0.1,500,"dnn classifier with [4, 4] hidden_units",100 dim embedding column,0.2581488,0.0,0.23093441,0.928,0.928,0.79202586,0.23093441,0.072,0.0,500,0.077961475,0.31638905,0.0,0.17187037,0.954,0.954,0.81255126,0.17187037,0.046,0.0,500,0.07841669
2,0.1,500,"dnn classifier with [10, 10] hidden_units",indicator column,0.42009348,0.044444446,0.33570313,0.90999997,0.914,0.7825886,0.33570313,0.09,1.0,500,0.023249662,0.50199753,0.2173913,0.12684093,0.954,0.96,0.8831921,0.12684093,0.046,0.71428573,500,0.023931371
2,0.1,500,"dnn classifier with [10, 10] hidden_units",2 dim embedding column,0.15983844,0.0,0.26310432,0.92,0.92,0.69187504,0.26310432,0.08,0.0,500,0.07257215,0.1094334,0.0,0.20797276,0.944,0.944,0.69336414,0.20797276,0.056,0.0,500,0.07619442
2,0.1,500,"dnn classifier with [10, 10] hidden_units",4 dim embedding column,0.21030627,0.0,0.24804194,0.926,0.926,0.6976826,0.24804194,0.074,0.0,500,0.08113997,0.21730396,0.0,0.19882412,0.944,0.944,0.83065987,0.19882412,0.056,0.0,500,0.0804189
2,0.1,500,"dnn classifier with [10, 10] hidden_units",10 dim embedding column,0.18569274,0.0,0.2598902,0.92,0.92,0.7276902,0.2598902,0.08,0.0,500,0.087358505,0.335136,0.0,0.19577764,0.95,0.95,0.7893474,0.19577764,0.05,0.0,500,0.09058573
2,0.1,500,"dnn classifier with [10, 10] hidden_units",100 dim embedding column,0.3752975,0.0,0.20586346,0.936,0.936,0.87279654,0.20586346,0.064,0.0,500,0.086258754,0.6209473,0.0,0.1740061,0.95,0.95,0.9482527,0.1740061,0.05,0.0,500,0.08802953
2,0.1,500,"dnn classifier with [20, 20] hidden_units",indicator column,0.6563462,0.15151516,0.16605166,0.934,0.944,0.89215493,0.16605166,0.066,1.0,500,0.037572518,0.61670285,0.0952381,0.10698665,0.958,0.962,0.9274282,0.10698665,0.042,1.0,500,0.026937382
2,0.1,500,"dnn classifier with [20, 20] hidden_units",2 dim embedding column,0.17428148,0.0,0.28134248,0.904,0.904,0.7441695,0.28134248,0.096,0.0,500,0.07705305,0.11245682,0.0,0.19718154,0.944,0.944,0.780115,0.19718154,0.056,0.0,500,0.07813736
2,0.1,500,"dnn classifier with [20, 20] hidden_units",4 dim embedding column,0.22533774,0.0,0.2545821,0.918,0.918,0.7761571,0.2545821,0.082,0.0,500,0.04639584,0.26729453,0.0,0.17161906,0.946,0.946,0.85012925,0.17161906,0.054,0.0,500,0.047167175
2,0.1,500,"dnn classifier with [20, 20] hidden_units",10 dim embedding column,0.24065101,0.0,0.27829808,0.90999997,0.91,0.77377295,0.27829808,0.09,0.0,500,0.07680133,0.18024613,0.0,0.1917796,0.948,0.948,0.8011198,0.1917796,0.052,0.0,500,0.0760274
2,0.1,500,"dnn classifier with [20, 20] hidden_units",100 dim embedding column,0.281752,0.0,0.21247245,0.936,0.936,0.8067241,0.21247245,0.064,0.0,500,0.060825963,0.38350543,0.0,0.1820332,0.946,0.946,0.8602302,0.1820332,0.054,0.0,500,0.061828397
2,0.1,1000,linear classifier,categorical column with vocabulary list,0.79394656,0.43661973,0.12908244,0.929,0.958,0.96487206,0.12908244,0.071,0.93939394,1000,0.041994177,0.5945562,0.34615386,0.12684661,0.948,0.958,0.94436663,0.12684661,0.052,0.6923077,1000,0.034403715
2,0.1,1000,"dnn classifier with [4, 4] hidden_units",indicator column,0.7155571,0.0,0.16807494,0.927,0.927,0.9358588,0.16807494,0.073,0.0,1000,0.028178273,0.7557007,0.0,0.10992283,0.948,0.948,0.9409689,0.10992283,0.052,0.0,1000,0.026672497
2,0.1,1000,"dnn classifier with [4, 4] hidden_units",2 dim embedding column,0.14353111,0.0,0.25130126,0.924,0.924,0.74537194,0.25130126,0.076,0.0,1000,0.06480398,0.10610434,0.0,0.20150773,0.945,0.945,0.68335736,0.20150773,0.055,0.0,1000,0.06471632
2,0.1,1000,"dnn classifier with [4, 4] hidden_units",4 dim embedding column,0.47803578,0.0,0.2293353,0.921,0.921,0.87651706,0.2293353,0.079,0.0,1000,0.05534907,0.3956092,0.0,0.16887964,0.947,0.947,0.8949214,0.16887964,0.053,0.0,1000,0.05414071
2,0.1,1000,"dnn classifier with [4, 4] hidden_units",10 dim embedding column,0.39587978,0.0,0.21408072,0.928,0.928,0.8399336,0.21408072,0.072,0.0,1000,0.05614356,0.56261134,0.0,0.14936897,0.954,0.954,0.9080987,0.14936897,0.046,0.0,1000,0.059003588
2,0.1,1000,"dnn classifier with [4, 4] hidden_units",100 dim embedding column,0.4522479,0.0,0.20610365,0.926,0.926,0.8592172,0.20610365,0.074,0.0,1000,0.0722544,0.690378,0.0,0.15547793,0.948,0.948,0.940979,0.15547793,0.052,0.0,1000,0.078646995
2,0.1,1000,"dnn classifier with [10, 10] hidden_units",indicator column,0.7544778,0.22891566,0.17698942,0.917,0.936,0.92853206,0.17698942,0.083,1.0,1000,0.040737186,0.72094226,0.41666666,0.094646245,0.952,0.972,0.9445794,0.094646245,0.048,1.0,1000,0.038108956
2,0.1,1000,"dnn classifier with [10, 10] hidden_units",2 dim embedding column,0.19837046,0.0,0.23345973,0.93299997,0.933,0.6685864,0.23345973,0.067,0.0,1000,0.08070344,0.24683648,0.0,0.20210056,0.947,0.947,0.69755536,0.20210056,0.053,0.0,1000,0.08523785
2,0.1,1000,"dnn classifier with [10, 10] hidden_units",4 dim embedding column,0.19367844,0.0,0.2416752,0.925,0.925,0.72673154,0.2416752,0.075,0.0,1000,0.070496224,0.14865342,0.0,0.1888872,0.948,0.948,0.7455574,0.1888872,0.052,0.0,1000,0.07411241
2,0.1,1000,"dnn classifier with [10, 10] hidden_units",10 dim embedding column,0.5206679,0.0,0.19652791,0.929,0.929,0.886528,0.19652791,0.071,0.0,1000,0.05087123,0.6564386,0.0,0.14974724,0.944,0.944,0.9423804,0.14974724,0.056,0.0,1000,0.05257212
2,0.1,1000,"dnn classifier with [10, 10] hidden_units",100 dim embedding column,0.5123104,0.0,0.18940824,0.934,0.934,0.901434,0.18940824,0.066,0.0,1000,0.06440633,0.64619863,0.0,0.16261977,0.945,0.945,0.9274555,0.16261977,0.055,0.0,1000,0.068208
2,0.1,1000,"dnn classifier with [20, 20] hidden_units",indicator column,0.626783,0.27631578,0.20719665,0.924,0.942,0.8933912,0.20719665,0.076,0.875,1000,0.037582383,0.6083517,0.4,0.124997996,0.95,0.967,0.8927368,0.124997996,0.05,0.8695652,1000,0.03525331
2,0.1,1000,"dnn classifier with [20, 20] hidden_units",2 dim embedding column,0.16476989,0.0,0.24345632,0.93,0.93,0.63298774,0.24345632,0.07,0.0,1000,0.06335717,0.12750778,0.0,0.20829938,0.945,0.945,0.5216836,0.20829938,0.055,0.0,1000,0.06381927
2,0.1,1000,"dnn classifier with [20, 20] hidden_units",4 dim embedding column,0.13857318,0.0,0.24263275,0.929,0.929,0.75565124,0.24263275,0.071,0.0,1000,0.11954916,0.117321625,0.0,0.21734981,0.947,0.947,0.76710963,0.21734981,0.053,0.0,1000,0.123513885
2,0.1,1000,"dnn classifier with [20, 20] hidden_units",10 dim embedding column,0.43032604,0.0,0.22363546,0.925,0.925,0.86132616,0.22363546,0.075,0.0,1000,0.04486646,0.46292204,0.0,0.16661835,0.947,0.947,0.9001016,0.16661835,0.053,0.0,1000,0.047507387
2,0.1,1000,"dnn classifier with [20, 20] hidden_units",100 dim embedding column,0.2957551,0.0,0.19311497,0.929,0.929,0.8605876,0.19311497,0.071,0.0,1000,0.061696135,0.25366288,0.0,0.14901814,0.947,0.947,0.90796155,0.14901814,0.053,0.0,1000,0.06226372
2,0.1,2000,linear classifier,categorical column with vocabulary list,0.80861425,0.5298013,0.11783232,0.9245,0.9645,0.9502381,0.11783232,0.0755,1.0,2000,0.04959986,0.78799045,0.4563107,0.08615143,0.9485,0.968,0.9544196,0.08615143,0.0515,0.8545455,2000,0.03970839
2,0.1,2000,"dnn classifier with [4, 4] hidden_units",indicator column,0.7900591,0.35664335,0.13752387,0.9285,0.954,0.9613408,0.13752387,0.0715,1.0,2000,0.03175976,0.7581895,0.34313726,0.1008538,0.949,0.9665,0.95414937,0.1008538,0.051,1.0,2000,0.02991089
2,0.1,2000,"dnn classifier with [4, 4] hidden_units",2 dim embedding column,0.42469138,0.0,0.2233427,0.9225,0.9225,0.83600485,0.2233427,0.0775,0.0,2000,0.04806853,0.6049433,0.0,0.15368529,0.9465,0.9465,0.88571525,0.15368529,0.0535,0.0,2000,0.050606757
2,0.1,2000,"dnn classifier with [4, 4] hidden_units",4 dim embedding column,0.51711094,0.0,0.20308553,0.92,0.92,0.88940895,0.20308553,0.08,0.0,2000,0.06161345,0.62951505,0.0,0.14156279,0.946,0.946,0.950481,0.14156279,0.054,0.0,2000,0.06295055
2,0.1,2000,"dnn classifier with [4, 4] hidden_units",10 dim embedding column,0.60349673,0.0,0.17754261,0.9265,0.9265,0.92660546,0.17754261,0.0735,0.0,2000,0.06209281,0.6199567,0.0,0.13334893,0.9505,0.9505,0.9553026,0.13334893,0.0495,0.0,2000,0.06006148
2,0.1,2000,"dnn classifier with [4, 4] hidden_units",100 dim embedding column,0.45786804,0.0,0.20580792,0.922,0.922,0.8826374,0.20580792,0.078,0.0,2000,0.05499621,0.45257524,0.0,0.14641517,0.9505,0.9505,0.9001403,0.14641517,0.0495,0.0,2000,0.05423268
2,0.1,2000,"dnn classifier with [10, 10] hidden_units",indicator column,0.82414037,0.52,0.11163456,0.925,0.963,0.96128285,0.11163456,0.075,0.975,2000,0.0569208,0.7643111,0.5050505,0.08008005,0.9505,0.9755,0.95674264,0.08008005,0.0495,1.0,2000,0.050630987
2,0.1,2000,"dnn classifier with [10, 10] hidden_units",2 dim embedding column,0.3812219,0.0,0.23320605,0.922,0.922,0.83244514,0.23320605,0.078,0.0,2000,0.03993722,0.34537476,0.0,0.16599865,0.948,0.948,0.8468867,0.16599865,0.052,0.0,2000,0.03943213
2,0.1,2000,"dnn classifier with [10, 10] hidden_units",4 dim embedding column,0.3717662,0.0,0.21698973,0.93050003,0.9305,0.8017176,0.21698973,0.0695,0.0,2000,0.08259861,0.49746877,0.0,0.17572615,0.9505,0.9505,0.8523106,0.17572615,0.0495,0.0,2000,0.08497952
2,0.1,2000,"dnn classifier with [10, 10] hidden_units",10 dim embedding column,0.5413474,0.0,0.19991289,0.9225,0.9225,0.8919871,0.19991289,0.0775,0.0,2000,0.038498048,0.66577363,0.0,0.11574636,0.952,0.952,0.9292498,0.11574636,0.048,0.0,2000,0.037420344
2,0.1,2000,"dnn classifier with [10, 10] hidden_units",100 dim embedding column,0.613809,0.26751593,0.16560751,0.92149997,0.939,0.9171767,0.16560751,0.0785,0.85714287,2000,0.07459725,0.64874315,0.4509804,0.11640403,0.949,0.963,0.95103204,0.11640403,0.051,0.71875,2000,0.07457335
2,0.1,2000,"dnn classifier with [20, 20] hidden_units",indicator column,0.70685315,0.51655626,0.14656052,0.9245,0.953,0.9493264,0.14656052,0.0755,0.7878788,2000,0.067190334,0.5917917,0.3627451,0.124638945,0.949,0.958,0.9172917,0.124638945,0.051,0.66071427,2000,0.04797412
2,0.1,2000,"dnn classifier with [20, 20] hidden_units",2 dim embedding column,0.37624806,0.0,0.22918211,0.917,0.917,0.8139855,0.22918211,0.083,0.0,2000,0.06737807,0.58731663,0.0,0.15263824,0.947,0.947,0.90558815,0.15263824,0.053,0.0,2000,0.06788944
2,0.1,2000,"dnn classifier with [20, 20] hidden_units",4 dim embedding column,0.41181952,0.0,0.21048827,0.9255,0.9255,0.8694702,0.21048827,0.0745,0.0,2000,0.08179593,0.44603264,0.0,0.17528343,0.9485,0.9485,0.88981324,0.17528343,0.0515,0.0,2000,0.08675311
2,0.1,2000,"dnn classifier with [20, 20] hidden_units",10 dim embedding column,0.45912996,0.0,0.19075325,0.9235,0.9235,0.87668216,0.19075325,0.0765,0.0,2000,0.058486674,0.57962143,0.0,0.12052088,0.952,0.952,0.9359517,0.12052088,0.048,0.0,2000,0.059097517
2,0.1,2000,"dnn classifier with [20, 20] hidden_units",100 dim embedding column,0.58462036,0.42281878,0.21320967,0.9255,0.9455,0.9368235,0.21320967,0.0745,0.73255813,2000,0.15835832,0.70883083,0.44329897,0.19574279,0.9515,0.9635,0.9506178,0.19574279,0.0485,0.6935484,2000,0.15445226
2,0.01,500,linear classifier,categorical column with vocabulary list,0.46063328,0.0,0.22444847,0.932,0.932,0.87664104,0.22444847,0.068,0.0,500,0.021500755,0.3599057,0.0,0.16443849,0.952,0.952,0.8694853,0.16443849,0.048,0.0,500,0.021990446
2,0.01,500,"dnn classifier with [4, 4] hidden_units",indicator column,0.16280517,0.0,0.24830976,0.932,0.932,0.7848713,0.24830976,0.068,0.0,500,0.026796391,0.09865528,0.0,0.18064478,0.954,0.954,0.7876219,0.18064478,0.046,0.0,500,0.030881811
2,0.01,500,"dnn classifier with [4, 4] hidden_units",2 dim embedding column,0.10454987,0.0,0.3511611,0.916,0.916,0.58702433,0.3511611,0.084,0.0,500,0.21956071,0.06357539,0.0,0.30766004,0.952,0.952,0.5441177,0.30766004,0.048,0.0,500,0.21979535
2,0.01,500,"dnn classifier with [4, 4] hidden_units",4 dim embedding column,0.09048027,0.0,0.3232425,0.924,0.924,0.60651636,0.3232425,0.076,0.0,500,0.19745171,0.0649941,0.0,0.29405925,0.946,0.946,0.59823036,0.29405925,0.054,0.0,500,0.19818822
2,0.01,500,"dnn classifier with [4, 4] hidden_units",10 dim embedding column,0.0983724,0.0,0.28465745,0.93,0.93,0.615914,0.28465745,0.07,0.0,500,0.1572979,0.17540184,0.0,0.2477735,0.95,0.95,0.71924216,0.2477735,0.05,0.0,500,0.15602535
2,0.01,500,"dnn classifier with [4, 4] hidden_units",100 dim embedding column,0.10193676,0.0,0.28281513,0.932,0.932,0.6730939,0.28281513,0.068,0.0,500,0.16593765,0.0800174,0.0,0.26389322,0.948,0.948,0.6893866,0.26389322,0.052,0.0,500,0.17139302
2,0.01,500,"dnn classifier with [10, 10] hidden_units",indicator column,0.39841428,0.13157895,0.2278624,0.924,0.926,0.82028943,0.2278624,0.076,0.5555556,500,0.039443266,0.30941004,0.045454547,0.14488904,0.956,0.958,0.81485355,0.14488904,0.044,1.0,500,0.038305774
2,0.01,500,"dnn classifier with [10, 10] hidden_units",2 dim embedding column,0.07961826,0.0,0.28937405,0.924,0.924,0.5444293,0.28937405,0.076,0.0,500,0.13909645,0.06475806,0.0,0.2548323,0.944,0.944,0.52092165,0.2548323,0.056,0.0,500,0.14165933
2,0.01,500,"dnn classifier with [10, 10] hidden_units",4 dim embedding column,0.12317902,0.0,0.33120245,0.9,0.9,0.60544443,0.33120245,0.1,0.0,500,0.15155445,0.07559466,0.0,0.26044798,0.94200003,0.942,0.6082803,0.26044798,0.058,0.0,500,0.15109676
2,0.01,500,"dnn classifier with [10, 10] hidden_units",10 dim embedding column,0.19055557,0.0,0.25708887,0.924,0.924,0.72166216,0.25708887,0.076,0.0,500,0.08083213,0.06563955,0.0,0.1963976,0.952,0.952,0.61598396,0.1963976,0.048,0.0,500,0.08011715
2,0.01,500,"dnn classifier with [10, 10] hidden_units",100 dim embedding column,0.20697418,0.0,0.3201194,0.912,0.912,0.7024522,0.3201194,0.088,0.0,500,0.17311321,0.08652337,0.0,0.27468818,0.944,0.944,0.6966178,0.27468818,0.056,0.0,500,0.17499697
2,0.01,500,"dnn classifier with [20, 20] hidden_units",indicator column,0.4830453,0.0882353,0.21192533,0.932,0.936,0.85650724,0.21192533,0.068,0.75,500,0.025036246,0.53377324,0.16,0.1353729,0.95,0.956,0.88067377,0.1353729,0.05,0.8,500,0.028713888
2,0.01,500,"dnn classifier with [20, 20] hidden_units",2 dim embedding column,0.08897592,0.0,0.287626,0.918,0.918,0.5644827,0.287626,0.082,0.0,500,0.11298584,0.0677709,0.0,0.22814828,0.946,0.946,0.6130296,0.22814828,0.054,0.0,500,0.11385808
2,0.01,500,"dnn classifier with [20, 20] hidden_units",4 dim embedding column,0.06704755,0.0,0.22597982,0.946,0.946,0.60527766,0.22597982,0.054,0.0,500,0.10769239,0.06517357,0.0,0.23499985,0.94200003,0.942,0.5820339,0.23499985,0.058,0.0,500,0.1071972
2,0.01,500,"dnn classifier with [20, 20] hidden_units",10 dim embedding column,0.059610095,0.0,0.2832078,0.93,0.93,0.47407067,0.2832078,0.07,0.0,500,0.14666547,0.0381359,0.0,0.23269355,0.958,0.958,0.49488023,0.23269355,0.042,0.0,500,0.14637369
2,0.01,500,"dnn classifier with [20, 20] hidden_units",100 dim embedding column,0.1198716,0.0,0.24145025,0.936,0.936,0.6748798,0.24145025,0.064,0.0,500,0.1019597,0.079676494,0.0,0.2350967,0.94,0.94,0.623688,0.2350967,0.06,0.0,500,0.103511155
2,0.01,1000,linear classifier,categorical column with vocabulary list,0.49848115,0.0,0.24301389,0.926,0.925,0.8709722,0.24301389,0.074,0.0,1000,0.020866744,0.53123665,0.0,0.15854219,0.95,0.948,0.9234842,0.15854219,0.05,0.0,1000,0.02164015
2,0.01,1000,"dnn classifier with [4, 4] hidden_units",indicator column,0.33847862,0.0,0.26057622,0.925,0.925,0.80010086,0.26057622,0.075,0.0,1000,0.022731034,0.2741391,0.0,0.1660314,0.952,0.952,0.7723653,0.1660314,0.048,0.0,1000,0.023145894
2,0.01,1000,"dnn classifier with [4, 4] hidden_units",2 dim embedding column,0.10066587,0.0,0.3325445,0.921,0.921,0.6182878,0.3325445,0.079,0.0,1000,0.20667003,0.07290253,0.0,0.2997302,0.947,0.947,0.6638641,0.2997302,0.053,0.0,1000,0.20738341
2,0.01,1000,"dnn classifier with [4, 4] hidden_units",4 dim embedding column,0.06956206,0.0,0.3738699,0.927,0.927,0.49159905,0.3738699,0.073,0.0,1000,0.25607884,0.062486865,0.0,0.34940988,0.95,0.95,0.5980842,0.34940988,0.05,0.0,1000,0.25744525
2,0.01,1000,"dnn classifier with [4, 4] hidden_units",10 dim embedding column,0.21307474,0.0,0.3012795,0.925,0.925,0.7711928,0.3012795,0.075,0.0,1000,0.17790811,0.11565346,0.0,0.26675773,0.951,0.951,0.7289535,0.26675773,0.049,0.0,1000,0.17863144
2,0.01,1000,"dnn classifier with [4, 4] hidden_units",100 dim embedding column,0.12979105,0.0,0.28595504,0.916,0.916,0.6890726,0.28595504,0.084,0.0,1000,0.13178992,0.06714716,0.0,0.22628665,0.953,0.953,0.66659594,0.22628665,0.047,0.0,1000,0.13550904
2,0.01,1000,"dnn classifier with [10, 10] hidden_units",indicator column,0.6257167,0.024691358,0.24310005,0.919,0.921,0.8752939,0.24310005,0.081,1.0,1000,0.021323984,0.525493,0.12962963,0.16022238,0.946,0.953,0.9182621,0.16022238,0.054,1.0,1000,0.021814592
2,0.01,1000,"dnn classifier with [10, 10] hidden_units",2 dim embedding column,0.0790406,0.0,0.27591982,0.923,0.923,0.550534,0.27591982,0.077,0.0,1000,0.10853339,0.07850334,0.0,0.23486826,0.94200003,0.942,0.6505692,0.23486826,0.058,0.0,1000,0.109664604
2,0.01,1000,"dnn classifier with [10, 10] hidden_units",4 dim embedding column,0.071932994,0.0,0.23975135,0.935,0.935,0.5853805,0.23975135,0.065,0.0,1000,0.085331246,0.055412926,0.0,0.20900354,0.949,0.949,0.5596707,0.20900354,0.051,0.0,1000,0.087225996
2,0.01,1000,"dnn classifier with [10, 10] hidden_units",10 dim embedding column,0.16136247,0.0,0.23987009,0.935,0.935,0.6499877,0.23987009,0.065,0.0,1000,0.09684935,0.2942103,0.0,0.2123323,0.946,0.946,0.7502251,0.2123323,0.054,0.0,1000,0.09868094
2,0.01,1000,"dnn classifier with [10, 10] hidden_units",100 dim embedding column,0.17790622,0.0,0.25833437,0.923,0.923,0.72808176,0.25833437,0.077,0.0,1000,0.08829616,0.27390802,0.0,0.2021731,0.948,0.948,0.82817066,0.2021731,0.052,0.0,1000,0.09070844
2,0.01,1000,"dnn classifier with [20, 20] hidden_units",indicator column,0.67802966,0.0,0.23488629,0.92,0.92,0.913553,0.23488629,0.08,0.0,1000,0.01795581,0.5559687,0.0,0.14621133,0.949,0.949,0.94699275,0.14621133,0.051,0.0,1000,0.016750788
2,0.01,1000,"dnn classifier with [20, 20] hidden_units",2 dim embedding column,0.10963337,0.0,0.272846,0.925,0.925,0.4875459,0.272846,0.075,0.0,1000,0.093799934,0.04557612,0.0,0.22957267,0.946,0.946,0.43042833,0.22957267,0.054,0.0,1000,0.09383378
2,0.01,1000,"dnn classifier with [20, 20] hidden_units",4 dim embedding column,0.103241645,0.0,0.26091093,0.926,0.926,0.6118586,0.26091093,0.074,0.0,1000,0.08652382,0.07553369,0.0,0.19443442,0.955,0.955,0.66739964,0.19443442,0.045,0.0,1000,0.08891534
2,0.01,1000,"dnn classifier with [20, 20] hidden_units",10 dim embedding column,0.11520596,0.0,0.27241495,0.92,0.92,0.6080028,0.27241495,0.08,0.0,1000,0.09265376,0.081354156,0.0,0.20646219,0.95,0.95,0.65810525,0.20646219,0.05,0.0,1000,0.092642784
2,0.01,1000,"dnn classifier with [20, 20] hidden_units",100 dim embedding column,0.10613864,0.0,0.26871622,0.92,0.92,0.6544294,0.26871622,0.08,0.0,1000,0.086942546,0.062753074,0.0,0.20065324,0.951,0.951,0.660776,0.20065324,0.049,0.0,1000,0.0880274
2,0.01,2000,linear classifier,categorical column with vocabulary list,0.6444983,0.0,0.22183463,0.9265,0.9265,0.9123264,0.22183463,0.0735,0.0,2000,0.018900638,0.661868,0.0,0.14606377,0.947,0.947,0.9503472,0.14606377,0.053,0.0,2000,0.020717915
2,0.01,2000,"dnn classifier with [4, 4] hidden_units",indicator column,0.5196968,0.04195804,0.20745799,0.9285,0.931,0.89447975,0.20745799,0.0715,0.85714287,2000,0.0326867,0.45828447,0.1495327,0.15298076,0.9465,0.952,0.9170357,0.15298076,0.0535,0.7619048,2000,0.03584376
2,0.01,2000,"dnn classifier with [4, 4] hidden_units",2 dim embedding column,0.08033929,0.0,0.28240302,0.9245,0.9245,0.5637162,0.28240302,0.0755,0.0,2000,0.13540123,0.042876195,0.0,0.2421126,0.9485,0.9485,0.46577632,0.2421126,0.0515,0.0,2000,0.13659386
2,0.01,2000,"dnn classifier with [4, 4] hidden_units",4 dim embedding column,0.18798748,0.0,0.25586697,0.9235,0.9235,0.67563903,0.25586697,0.0765,0.0,2000,0.08139355,0.19392198,0.0,0.19664595,0.9505,0.9505,0.66865396,0.19664595,0.0495,0.0,2000,0.085296005
2,0.01,2000,"dnn classifier with [4, 4] hidden_units",10 dim embedding column,0.16117585,0.0,0.31268567,0.9205,0.9205,0.5774019,0.31268567,0.0795,0.0,2000,0.17480224,0.2632856,0.0,0.2673933,0.9485,0.9485,0.6884248,0.2673933,0.0515,0.0,2000,0.17489474
2,0.01,2000,"dnn classifier with [4, 4] hidden_units",100 dim embedding column,0.3857767,0.0,0.23539853,0.927,0.927,0.83358824,0.23539853,0.073,0.0,2000,0.085329376,0.37034178,0.0,0.1966062,0.946,0.946,0.8496349,0.1966062,0.054,0.0,2000,0.08731151
2,0.01,2000,"dnn classifier with [10, 10] hidden_units",indicator column,0.6015484,0.13422818,0.19919413,0.9255,0.9355,0.90667844,0.19919413,0.0745,1.0,2000,0.030939853,0.55764294,0.31730768,0.12829296,0.948,0.9625,0.91543937,0.12829296,0.052,0.8918919,2000,0.035357244
2,0.01,2000,"dnn classifier with [10, 10] hidden_units",2 dim embedding column,0.12436147,0.0,0.24673885,0.9295,0.9295,0.64903724,0.24673885,0.0705,0.0,2000,0.07213897,0.07942328,0.0,0.20331106,0.9485,0.9485,0.59463584,0.20331106,0.0515,0.0,2000,0.07397811
2,0.01,2000,"dnn classifier with [10, 10] hidden_units",4 dim embedding column,0.14243892,0.0,0.26314524,0.92149997,0.9215,0.6339481,0.26314524,0.0785,0.0,2000,0.086131826,0.15652213,0.0,0.18924798,0.9535,0.9535,0.6870753,0.18924798,0.0465,0.0,2000,0.088395566
2,0.01,2000,"dnn classifier with [10, 10] hidden_units",10 dim embedding column,0.09976946,0.0,0.25060463,0.9265,0.9265,0.64505434,0.25060463,0.0735,0.0,2000,0.080018446,0.07877367,0.0,0.20636052,0.947,0.947,0.66883504,0.20636052,0.053,0.0,2000,0.08274164
2,0.01,2000,"dnn classifier with [10, 10] hidden_units",100 dim embedding column,0.35773736,0.0,0.24849172,0.9235,0.9235,0.7916423,0.24849172,0.0765,0.0,2000,0.07244457,0.35517138,0.0,0.19178464,0.9475,0.9475,0.8643196,0.19178464,0.0525,0.0,2000,0.07306794
2,0.01,2000,"dnn classifier with [20, 20] hidden_units",indicator column,0.6904323,0.12582782,0.19326688,0.9245,0.934,0.924312,0.19326688,0.0755,1.0,2000,0.026824258,0.69667155,0.27450982,0.117733866,0.949,0.9605,0.9467706,0.117733866,0.051,0.8484849,2000,0.028998181
2,0.01,2000,"dnn classifier with [20, 20] hidden_units",2 dim embedding column,0.10582771,0.0,0.2591989,0.924,0.924,0.63837683,0.2591989,0.076,0.0,2000,0.07832512,0.118015304,0.0,0.20090207,0.947,0.947,0.72358584,0.20090207,0.053,0.0,2000,0.08044738
2,0.01,2000,"dnn classifier with [20, 20] hidden_units",4 dim embedding column,0.2281856,0.0,0.24416377,0.923,0.923,0.77646124,0.24416377,0.077,0.0,2000,0.07713109,0.28954834,0.0,0.1823622,0.9495,0.9495,0.8533021,0.1823622,0.0505,0.0,2000,0.079900354
2,0.01,2000,"dnn classifier with [20, 20] hidden_units",10 dim embedding column,0.23153399,0.0,0.2573823,0.9235,0.9235,0.6554013,0.2573823,0.0765,0.0,2000,0.07658005,0.31907922,0.0,0.19237125,0.949,0.949,0.7426652,0.19237125,0.051,0.0,2000,0.07580587
2,0.01,2000,"dnn classifier with [20, 20] hidden_units",100 dim embedding column,0.32174438,0.0,0.23794593,0.924,0.924,0.82007754,0.23794593,0.076,0.0,2000,0.07121462,0.29985857,0.0,0.18465902,0.949,0.949,0.82946193,0.18465902,0.051,0.0,2000,0.073144935
3,0.1,500,linear classifier,categorical column with vocabulary list,0.5027679,0.11111111,0.1990117,0.946,0.946,0.82499415,0.1990117,0.054,0.5,500,0.017772872,0.6048584,0.12820514,0.29609227,0.922,0.932,0.8098337,0.29609227,0.078,1.0,500,0.0221391
3,0.1,500,"dnn classifier with [4, 4] hidden_units",indicator column,0.6893289,0.0,0.16491036,0.932,0.932,0.9254292,0.16491036,0.068,0.0,500,0.026653286,0.58556825,0.0,0.23293954,0.914,0.914,0.8742049,0.23293954,0.086,0.0,500,0.030605566
3,0.1,500,"dnn classifier with [4, 4] hidden_units",2 dim embedding column,0.08703412,0.0,0.22562785,0.938,0.938,0.6551345,0.22562785,0.062,0.0,500,0.054797165,0.13148722,0.0,0.26454136,0.922,0.922,0.7209245,0.26454136,0.078,0.0,500,0.053019542
3,0.1,500,"dnn classifier with [4, 4] hidden_units",4 dim embedding column,0.11430712,0.0,0.23105255,0.936,0.936,0.6723424,0.23105255,0.064,0.0,500,0.059109405,0.22698584,0.0,0.26172844,0.922,0.922,0.7488459,0.26172844,0.078,0.0,500,0.05941359
3,0.1,500,"dnn classifier with [4, 4] hidden_units",10 dim embedding column,0.10419713,0.0,0.21560049,0.94,0.94,0.7021277,0.21560049,0.06,0.0,500,0.051248387,0.2342615,0.0,0.2257244,0.934,0.934,0.73512435,0.2257244,0.066,0.0,500,0.047600776
3,0.1,500,"dnn classifier with [4, 4] hidden_units",100 dim embedding column,0.3053344,0.0,0.20426795,0.94,0.94,0.7971631,0.20426795,0.06,0.0,500,0.065032884,0.19073841,0.0,0.22623253,0.932,0.932,0.7582365,0.22623253,0.068,0.0,500,0.061838984
3,0.1,500,"dnn classifier with [10, 10] hidden_units",indicator column,0.33509976,0.18518518,0.2108897,0.946,0.918,0.8047923,0.2108897,0.054,0.20833333,500,0.05117269,0.3404486,0.08571429,0.25188068,0.93,0.904,0.88294935,0.25188068,0.07,0.15789473,500,0.04200656
3,0.1,500,"dnn classifier with [10, 10] hidden_units",2 dim embedding column,0.11320758,0.0,0.18381505,0.948,0.948,0.7755193,0.18381505,0.052,0.0,500,0.058445856,0.17053303,0.0,0.24131669,0.924,0.924,0.7739235,0.24131669,0.076,0.0,500,0.055992573
3,0.1,500,"dnn classifier with [10, 10] hidden_units",4 dim embedding column,0.109251305,0.0,0.1771617,0.954,0.954,0.7163887,0.1771617,0.046,0.0,500,0.046590224,0.25889605,0.0,0.25907388,0.924,0.924,0.6947483,0.25907388,0.076,0.0,500,0.04576479
3,0.1,500,"dnn classifier with [10, 10] hidden_units",10 dim embedding column,0.19172066,0.0,0.23639207,0.93,0.93,0.7483257,0.23639207,0.07,0.0,500,0.0865987,0.123474054,0.0,0.25657865,0.92,0.92,0.72559786,0.25657865,0.08,0.0,500,0.08481306
3,0.1,500,"dnn classifier with [10, 10] hidden_units",100 dim embedding column,0.16883257,0.0,0.20553583,0.944,0.944,0.8044038,0.20553583,0.056,0.0,500,0.075057834,0.20870832,0.0,0.23498465,0.93,0.93,0.8341936,0.23498465,0.07,0.0,500,0.071855344
3,0.1,500,"dnn classifier with [20, 20] hidden_units",indicator column,0.6098939,0.0,0.25239822,0.934,0.934,0.8482902,0.25239822,0.066,0.0,500,0.0085549485,0.5943519,0.0,0.2968306,0.928,0.928,0.78214794,0.2968306,0.072,0.0,500,0.007369911
3,0.1,500,"dnn classifier with [20, 20] hidden_units",2 dim embedding column,0.08855909,0.0,0.2227777,0.94,0.94,0.5841844,0.2227777,0.06,0.0,500,0.07317123,0.07645276,0.0,0.2542161,0.928,0.928,0.5628293,0.2542161,0.072,0.0,500,0.0710004
3,0.1,500,"dnn classifier with [20, 20] hidden_units",4 dim embedding column,0.12807785,0.0,0.19909225,0.946,0.946,0.6986532,0.19909225,0.054,0.0,500,0.06055122,0.3018424,0.0,0.23816451,0.926,0.926,0.8240325,0.23816451,0.074,0.0,500,0.06102232
3,0.1,500,"dnn classifier with [20, 20] hidden_units",10 dim embedding column,0.20877385,0.0,0.25979427,0.93,0.93,0.75978494,0.25979427,0.07,0.0,500,0.02959865,0.25140876,0.0,0.28383774,0.922,0.922,0.75076485,0.28383774,0.078,0.0,500,0.02841675
3,0.1,500,"dnn classifier with [20, 20] hidden_units",100 dim embedding column,0.19889838,0.0,0.15589333,0.96,0.96,0.81890625,0.15589333,0.04,0.0,500,0.07441595,0.38074607,0.0,0.22821663,0.922,0.922,0.8272151,0.22821663,0.078,0.0,500,0.07386062
3,0.1,1000,linear classifier,categorical column with vocabulary list,0.718876,0.29090908,0.14202367,0.945,0.961,0.9545647,0.14202367,0.055,1.0,1000,0.021550521,0.66319084,0.42105263,0.19101577,0.924,0.956,0.8835441,0.19101577,0.076,1.0,1000,0.03869989
3,0.1,1000,"dnn classifier with [4, 4] hidden_units",indicator column,0.6090635,0.05970149,0.1867052,0.93299997,0.934,0.9117355,0.1867052,0.067,0.5714286,1000,0.02029093,0.53532016,0.025974026,0.22061427,0.923,0.922,0.88893497,0.22061427,0.077,0.4,1000,0.023401482
3,0.1,1000,"dnn classifier with [4, 4] hidden_units",2 dim embedding column,0.20873578,0.0,0.21795622,0.935,0.935,0.73624027,0.21795622,0.065,0.0,1000,0.08148565,0.50903416,0.0,0.23151898,0.919,0.919,0.84660596,0.23151898,0.081,0.0,1000,0.080854766
3,0.1,1000,"dnn classifier with [4, 4] hidden_units",4 dim embedding column,0.30627397,0.0,0.21843012,0.93,0.93,0.80530727,0.21843012,0.07,0.0,1000,0.067984894,0.29305714,0.0,0.23082814,0.922,0.922,0.8076784,0.23082814,0.078,0.0,1000,0.06796708
3,0.1,1000,"dnn classifier with [4, 4] hidden_units",10 dim embedding column,0.31444436,0.0,0.21587181,0.93,0.93,0.84712744,0.21587181,0.07,0.0,1000,0.063750826,0.43563724,0.0,0.23502795,0.919,0.919,0.88217866,0.23502795,0.081,0.0,1000,0.06055084
3,0.1,1000,"dnn classifier with [4, 4] hidden_units",100 dim embedding column,0.3659805,0.0,0.18923977,0.936,0.936,0.85633683,0.18923977,0.064,0.0,1000,0.04882886,0.3757391,0.0,0.19578883,0.93299997,0.933,0.8561693,0.19578883,0.067,0.0,1000,0.045246862
3,0.1,1000,"dnn classifier with [10, 10] hidden_units",indicator column,0.69729406,0.359375,0.1438445,0.936,0.959,0.92787635,0.1438445,0.064,1.0,1000,0.029595202,0.57850343,0.25,0.19107781,0.928,0.946,0.8829173,0.19107781,0.072,1.0,1000,0.03420229
3,0.1,1000,"dnn classifier with [10, 10] hidden_units",2 dim embedding column,0.22764875,0.0,0.24399884,0.926,0.926,0.75281656,0.24399884,0.074,0.0,1000,0.055779908,0.1775813,0.0,0.2572732,0.921,0.921,0.73918,0.2572732,0.079,0.0,1000,0.05439146
3,0.1,1000,"dnn classifier with [10, 10] hidden_units",4 dim embedding column,0.13583714,0.0,0.21753272,0.936,0.936,0.7667184,0.21753272,0.064,0.0,1000,0.058328804,0.13118431,0.0,0.24076048,0.929,0.929,0.69580346,0.24076048,0.071,0.0,1000,0.055415247
3,0.1,1000,"dnn classifier with [10, 10] hidden_units",10 dim embedding column,0.48438996,0.0,0.20142536,0.929,0.929,0.91173303,0.20142536,0.071,0.0,1000,0.04553409,0.36902457,0.0,0.2248848,0.924,0.924,0.83891547,0.2248848,0.076,0.0,1000,0.043893687
3,0.1,1000,"dnn classifier with [10, 10] hidden_units",100 dim embedding column,0.3923328,0.0,0.17645521,0.944,0.944,0.9073755,0.17645521,0.056,0.0,1000,0.10060012,0.40710187,0.0,0.20457214,0.928,0.928,0.84831476,0.20457214,0.072,0.0,1000,0.101641536
3,0.1,1000,"dnn classifier with [20, 20] hidden_units",indicator column,0.619544,0.0,0.13095197,0.94200003,0.942,0.94089985,0.13095197,0.058,0.0,1000,0.045469254,0.39301085,0.0,0.21978217,0.923,0.923,0.86005545,0.21978217,0.077,0.0,1000,0.04017824
3,0.1,1000,"dnn classifier with [20, 20] hidden_units",2 dim embedding column,0.13698728,0.0,0.2115023,0.94,0.94,0.73684394,0.2115023,0.06,0.0,1000,0.03728649,0.11425449,0.0,0.31171852,0.919,0.919,0.5954473,0.31171852,0.081,0.0,1000,0.035829913
3,0.1,1000,"dnn classifier with [20, 20] hidden_units",4 dim embedding column,0.26850182,0.0,0.21622357,0.93,0.93,0.8524347,0.21622357,0.07,0.0,1000,0.09264902,0.26909417,0.0,0.2321108,0.922,0.922,0.8099171,0.2321108,0.078,0.0,1000,0.08722808
3,0.1,1000,"dnn classifier with [20, 20] hidden_units",10 dim embedding column,0.17478508,0.0,0.19958015,0.941,0.941,0.8156307,0.19958015,0.059,0.0,1000,0.06013406,0.2067968,0.0,0.23128095,0.928,0.928,0.79059654,0.23128095,0.072,0.0,1000,0.057971798
3,0.1,1000,"dnn classifier with [20, 20] hidden_units",100 dim embedding column,0.4182018,0.0,0.19575776,0.931,0.931,0.8729666,0.19575776,0.069,0.0,1000,0.066374846,0.3456483,0.0,0.21000549,0.923,0.923,0.8635871,0.21000549,0.077,0.0,1000,0.06309079
3,0.1,2000,linear classifier,categorical column with vocabulary list,0.7674858,0.48412699,0.11570012,0.937,0.965,0.9443321,0.11570012,0.063,0.92424244,2000,0.04031061,0.65761393,0.47297296,0.18412164,0.926,0.9565,0.9044915,0.18412164,0.074,0.886076,2000,0.046085633
3,0.1,2000,"dnn classifier with [4, 4] hidden_units",indicator column,0.8009409,0.3548387,0.13051564,0.938,0.96,0.9661578,0.13051564,0.062,1.0,2000,0.022626318,0.66352403,0.21428572,0.20722127,0.923,0.9395,0.9175982,0.20722127,0.077,1.0,2000,0.024346156
3,0.1,2000,"dnn classifier with [4, 4] hidden_units",2 dim embedding column,0.20864102,0.0,0.21100482,0.9405,0.9405,0.76874006,0.21100482,0.0595,0.0,2000,0.06677334,0.34277302,0.0,0.25411236,0.921,0.921,0.755008,0.25411236,0.079,0.0,2000,0.06544503
3,0.1,2000,"dnn classifier with [4, 4] hidden_units",4 dim embedding column,0.36297584,0.0,0.18127552,0.9355,0.9355,0.9022141,0.18127552,0.0645,0.0,2000,0.040848427,0.51280445,0.0,0.21394166,0.9235,0.9235,0.858274,0.21394166,0.0765,0.0,2000,0.03944613
3,0.1,2000,"dnn classifier with [4, 4] hidden_units",10 dim embedding column,0.5530642,0.0,0.17439033,0.935,0.935,0.913731,0.17439033,0.065,0.0,2000,0.04999855,0.5391983,0.0,0.19431011,0.9255,0.9255,0.89709353,0.19431011,0.0745,0.0,2000,0.049939495
3,0.1,2000,"dnn classifier with [4, 4] hidden_units",100 dim embedding column,0.5178321,0.0,0.19490016,0.9325,0.9325,0.89804983,0.19490016,0.0675,0.0,2000,0.02571503,0.52390766,0.0,0.21503411,0.9235,0.9235,0.8915943,0.21503411,0.0765,0.0,2000,0.026958643
3,0.1,2000,"dnn classifier with [10, 10] hidden_units",indicator column,0.7299974,0.45081967,0.1122112,0.939,0.964,0.95182794,0.1122112,0.061,0.9166667,2000,0.03888258,0.60128427,0.37414965,0.18146573,0.9265,0.951,0.8907343,0.18146573,0.0735,0.90163934,2000,0.036622237
3,0.1,2000,"dnn classifier with [10, 10] hidden_units",2 dim embedding column,0.2805435,0.0,0.18208197,0.94,0.94,0.8518262,0.18208197,0.06,0.0,2000,0.047896575,0.44250286,0.0,0.20478693,0.923,0.923,0.87431407,0.20478693,0.077,0.0,2000,0.04959139
3,0.1,2000,"dnn classifier with [10, 10] hidden_units",4 dim embedding column,0.36683553,0.0,0.20312399,0.938,0.938,0.861519,0.20312399,0.062,0.0,2000,0.09905177,0.3161317,0.0,0.2305354,0.92149997,0.9215,0.8236986,0.2305354,0.0785,0.0,2000,0.09503692
3,0.1,2000,"dnn classifier with [10, 10] hidden_units",10 dim embedding column,0.611237,0.20930232,0.14498714,0.9355,0.949,0.9311979,0.14498714,0.0645,1.0,2000,0.050107133,0.5307651,0.26415095,0.19052742,0.9205,0.9395,0.88389885,0.19052742,0.0795,0.9130435,2000,0.053236485
3,0.1,2000,"dnn classifier with [10, 10] hidden_units",100 dim embedding column,0.49635208,0.0,0.17131376,0.9365,0.9365,0.89494514,0.17131376,0.0635,0.0,2000,0.034366805,0.57955694,0.0,0.18647173,0.9225,0.9225,0.9105009,0.18647173,0.0775,0.0,2000,0.038686834
3,0.1,2000,"dnn classifier with [20, 20] hidden_units",indicator column,0.74970233,0.5362319,0.12953177,0.931,0.959,0.9391277,0.12953177,0.069,0.8043478,2000,0.053418867,0.6852324,0.47402596,0.18103944,0.923,0.9485,0.90180606,0.18103944,0.077,0.76842105,2000,0.054595586
3,0.1,2000,"dnn classifier with [20, 20] hidden_units",2 dim embedding column,0.30283785,0.10084034,0.19745712,0.9405,0.945,0.79243565,0.19745712,0.0595,0.8,2000,0.0962203,0.47584507,0.25477707,0.21033278,0.92149997,0.939,0.82408047,0.21033278,0.0785,0.8888889,2000,0.09515593
3,0.1,2000,"dnn classifier with [20, 20] hidden_units",4 dim embedding column,0.31624427,0.0,0.18226315,0.9385,0.9385,0.8558481,0.18226315,0.0615,0.0,2000,0.062043175,0.37380865,0.0,0.21357162,0.9225,0.9225,0.8470863,0.21357162,0.0775,0.0,2000,0.060383774
3,0.1,2000,"dnn classifier with [20, 20] hidden_units",10 dim embedding column,0.45269,0.0,0.17756666,0.94200003,0.942,0.9201167,0.17756666,0.058,0.0,2000,0.0999859,0.4276864,0.0,0.20749755,0.926,0.926,0.8626376,0.20749755,0.074,0.0,2000,0.09838107
3,0.1,2000,"dnn classifier with [20, 20] hidden_units",100 dim embedding column,0.42061567,0.0,0.15592004,0.94200003,0.942,0.9070896,0.15592004,0.058,0.0,2000,0.042654693,0.5438212,0.0,0.19380447,0.9245,0.9245,0.8936279,0.19380447,0.0755,0.0,2000,0.044184174
3,0.01,500,linear classifier,categorical column with vocabulary list,0.26492327,0.0,0.20284398,0.948,0.948,0.7329196,0.20284398,0.052,0.0,500,0.016518937,0.38579893,0.0,0.32778734,0.912,0.912,0.77870816,0.32778734,0.088,0.0,500,0.015755259
3,0.01,500,"dnn classifier with [4, 4] hidden_units",indicator column,0.28533024,0.0,0.22085385,0.94,0.94,0.8270923,0.22085385,0.06,0.0,500,0.016147984,0.23572531,0.0,0.27818203,0.928,0.928,0.81435585,0.27818203,0.072,0.0,500,0.014170928
3,0.01,500,"dnn classifier with [4, 4] hidden_units",2 dim embedding column,0.057612017,0.0,0.26181677,0.95,0.95,0.6004211,0.26181677,0.05,0.0,500,0.16768208,0.07692911,0.0,0.31771404,0.916,0.916,0.49334583,0.31771404,0.084,0.0,500,0.16766107
3,0.01,500,"dnn classifier with [4, 4] hidden_units",4 dim embedding column,0.17558034,0.0,0.2825284,0.922,0.922,0.61199176,0.2825284,0.078,0.0,500,0.13149402,0.31311816,0.0,0.26846677,0.924,0.924,0.7209217,0.26846677,0.076,0.0,500,0.13151947
3,0.01,500,"dnn classifier with [4, 4] hidden_units",10 dim embedding column,0.0681013,0.0,0.29790547,0.944,0.944,0.5669643,0.29790547,0.056,0.0,500,0.19763063,0.14069995,0.0,0.34998405,0.906,0.906,0.59407735,0.34998405,0.094,0.0,500,0.19903372
3,0.01,500,"dnn classifier with [4, 4] hidden_units",100 dim embedding column,0.06426324,0.0,0.26961485,0.954,0.954,0.6527664,0.26961485,0.046,0.0,500,0.18469918,0.10367465,0.0,0.29196936,0.936,0.936,0.68012154,0.29196936,0.064,0.0,500,0.18240766
3,0.01,500,"dnn classifier with [10, 10] hidden_units",indicator column,0.19996199,0.03448276,0.21832535,0.94200003,0.938,0.7400615,0.21832535,0.058,0.25,500,0.030634895,0.27716523,0.0,0.34124073,0.924,0.924,0.55183417,0.34124073,0.076,0.0,500,0.02107217
3,0.01,500,"dnn classifier with [10, 10] hidden_units",2 dim embedding column,0.03880392,0.0,0.22886172,0.954,0.954,0.47862548,0.22886172,0.046,0.0,500,0.13271135,0.068484604,0.0,0.30084527,0.916,0.916,0.46535146,0.30084527,0.084,0.0,500,0.13258696
3,0.01,500,"dnn classifier with [10, 10] hidden_units",4 dim embedding column,0.08647376,0.0,0.25234392,0.93,0.93,0.5870968,0.25234392,0.07,0.0,500,0.089970894,0.14056195,0.0,0.26703075,0.922,0.922,0.5915235,0.26703075,0.078,0.0,500,0.08481108
3,0.01,500,"dnn classifier with [10, 10] hidden_units",10 dim embedding column,0.09112607,0.0,0.28033343,0.924,0.924,0.5565334,0.28033343,0.076,0.0,500,0.123238176,0.17614721,0.0,0.29425365,0.912,0.912,0.62858856,0.29425365,0.088,0.0,500,0.12440759
3,0.01,500,"dnn classifier with [10, 10] hidden_units",100 dim embedding column,0.11227046,0.0,0.23662551,0.938,0.938,0.6916226,0.23662551,0.062,0.0,500,0.10429924,0.14088546,0.0,0.26267186,0.924,0.924,0.6994475,0.26267186,0.076,0.0,500,0.101597704
3,0.01,500,"dnn classifier with [20, 20] hidden_units",indicator column,0.38287205,0.0,0.28505555,0.934,0.934,0.73613,0.28505555,0.066,0.0,500,0.011513001,0.2971537,0.0,0.28855816,0.934,0.934,0.6882746,0.28855816,0.066,0.0,500,0.011789007
3,0.01,500,"dnn classifier with [20, 20] hidden_units",2 dim embedding column,0.108559616,0.0,0.26364255,0.926,0.926,0.56316036,0.26364255,0.074,0.0,500,0.09888433,0.096126,0.0,0.27016228,0.922,0.922,0.6068191,0.27016228,0.078,0.0,500,0.09780888
3,0.01,500,"dnn classifier with [20, 20] hidden_units",4 dim embedding column,0.09999595,0.0,0.21033196,0.952,0.952,0.69708514,0.21033196,0.048,0.0,500,0.10869245,0.25467867,0.0,0.27510628,0.918,0.918,0.7344439,0.27510628,0.082,0.0,500,0.10550789
3,0.01,500,"dnn classifier with [20, 20] hidden_units",10 dim embedding column,0.052293487,0.0,0.23381893,0.944,0.944,0.47158748,0.23381893,0.056,0.0,500,0.10931207,0.1191442,0.0,0.29174092,0.914,0.914,0.5968399,0.29174092,0.086,0.0,500,0.11005145
3,0.01,500,"dnn classifier with [20, 20] hidden_units",100 dim embedding column,0.062569305,0.0,0.21855828,0.94200003,0.942,0.58767116,0.21855828,0.058,0.0,500,0.0593757,0.13290034,0.0,0.27108246,0.922,0.922,0.6399411,0.27108246,0.078,0.0,500,0.05828137
3,0.01,1000,linear classifier,categorical column with vocabulary list,0.5369566,0.0,0.22544459,0.934,0.934,0.88594997,0.22544459,0.066,0.0,1000,0.016144201,0.66885626,0.0,0.2591519,0.924,0.924,0.90747464,0.2591519,0.076,0.0,1000,0.014422751
3,0.01,1000,"dnn classifier with [4, 4] hidden_units",indicator column,0.42117575,0.0,0.23733445,0.934,0.934,0.7524252,0.23733445,0.066,0.0,1000,0.023296788,0.22352648,0.0,0.35515895,0.922,0.922,0.61253405,0.35515895,0.078,0.0,1000,0.019696597
3,0.01,1000,"dnn classifier with [4, 4] hidden_units",2 dim embedding column,0.07532609,0.0,0.26116523,0.93299997,0.933,0.56902784,0.26116523,0.067,0.0,1000,0.11795981,0.08387026,0.0,0.26141393,0.93299997,0.933,0.516933,0.26141393,0.067,0.0,1000,0.11760048
3,0.01,1000,"dnn classifier with [4, 4] hidden_units",4 dim embedding column,0.06263935,0.0,0.25137025,0.934,0.934,0.51614106,0.25137025,0.066,0.0,1000,0.09952571,0.063650206,0.0,0.28201506,0.923,0.923,0.44330317,0.28201506,0.077,0.0,1000,0.09762134
3,0.01,1000,"dnn classifier with [4, 4] hidden_units",10 dim embedding column,0.07869475,0.0,0.23357345,0.94,0.94,0.59668446,0.23357345,0.06,0.0,1000,0.10258872,0.10165664,0.0,0.27001593,0.922,0.922,0.6031411,0.27001593,0.078,0.0,1000,0.101704635
3,0.01,1000,"dnn classifier with [4, 4] hidden_units",100 dim embedding column,0.11760502,0.0,0.22766611,0.938,0.938,0.69162256,0.22766611,0.062,0.0,1000,0.087088995,0.19273806,0.0,0.25521243,0.923,0.923,0.75483674,0.25521243,0.077,0.0,1000,0.0853694
3,0.01,1000,"dnn classifier with [10, 10] hidden_units",indicator column,0.5843985,0.0,0.18772101,0.938,0.938,0.8833655,0.18772101,0.062,0.0,1000,0.020345096,0.32770386,0.0,0.27382165,0.923,0.923,0.77771527,0.27382165,0.077,0.0,1000,0.019133084
3,0.01,1000,"dnn classifier with [10, 10] hidden_units",2 dim embedding column,0.06197078,0.0,0.23927137,0.938,0.938,0.5377003,0.23927137,0.062,0.0,1000,0.084793836,0.07066363,0.0,0.2834562,0.922,0.922,0.46469492,0.2834562,0.078,0.0,1000,0.08340247
3,0.01,1000,"dnn classifier with [10, 10] hidden_units",4 dim embedding column,0.06564379,0.0,0.2764077,0.932,0.932,0.52546704,0.2764077,0.068,0.0,1000,0.14115565,0.06635779,0.0,0.2851421,0.928,0.928,0.49521825,0.2851421,0.072,0.0,1000,0.14162906
3,0.01,1000,"dnn classifier with [10, 10] hidden_units",10 dim embedding column,0.10146312,0.0,0.2282968,0.941,0.941,0.6025685,0.2282968,0.059,0.0,1000,0.09292993,0.118556835,0.0,0.28530353,0.921,0.921,0.4912588,0.28530353,0.079,0.0,1000,0.09058921
3,0.01,1000,"dnn classifier with [10, 10] hidden_units",100 dim embedding column,0.13563639,0.0,0.22109166,0.939,0.939,0.73194367,0.22109166,0.061,0.0,1000,0.074241325,0.17510954,0.0,0.24335365,0.928,0.928,0.78136224,0.24335365,0.072,0.0,1000,0.07150618
3,0.01,1000,"dnn classifier with [20, 20] hidden_units",indicator column,0.57004714,0.08695652,0.22121893,0.931,0.937,0.8699855,0.22121893,0.069,1.0,1000,0.01704162,0.5218544,0.06944445,0.24514984,0.928,0.933,0.88818544,0.24514984,0.072,1.0,1000,0.014172022
3,0.01,1000,"dnn classifier with [20, 20] hidden_units",2 dim embedding column,0.09489047,0.0,0.23410784,0.936,0.936,0.58849156,0.23410784,0.064,0.0,1000,0.062689185,0.09093829,0.0,0.24610023,0.931,0.931,0.5798502,0.24610023,0.069,0.0,1000,0.061862856
3,0.01,1000,"dnn classifier with [20, 20] hidden_units",4 dim embedding column,0.06824551,0.0,0.22814937,0.939,0.939,0.58377415,0.22814937,0.061,0.0,1000,0.064522915,0.08864528,0.0,0.26121682,0.926,0.926,0.5684067,0.26121682,0.074,0.0,1000,0.063413605
3,0.01,1000,"dnn classifier with [20, 20] hidden_units",10 dim embedding column,0.10640738,0.0,0.22654647,0.938,0.938,0.69366014,0.22654647,0.062,0.0,1000,0.05866696,0.16187307,0.0,0.26442882,0.923,0.923,0.7581644,0.26442882,0.077,0.0,1000,0.057303265
3,0.01,1000,"dnn classifier with [20, 20] hidden_units",100 dim embedding column,0.24048024,0.0,0.22224152,0.94,0.94,0.70687056,0.22224152,0.06,0.0,1000,0.075768664,0.24791308,0.0,0.25664404,0.924,0.924,0.78201187,0.25664404,0.076,0.0,1000,0.07386663
3,0.01,2000,linear classifier,categorical column with vocabulary list,0.5491142,0.077586204,0.18069254,0.94200003,0.9465,0.9009445,0.18069254,0.058,1.0,2000,0.01815947,0.51361406,0.062893085,0.2601793,0.9205,0.9255,0.8985068,0.2601793,0.0795,1.0,2000,0.017093183
3,0.01,2000,"dnn classifier with [4, 4] hidden_units",indicator column,0.5124483,0.0,0.19878349,0.9395,0.9395,0.8546617,0.19878349,0.0605,0.0,2000,0.017476352,0.42642635,0.0,0.27410185,0.923,0.923,0.8257165,0.27410185,0.077,0.0,2000,0.015265128
3,0.01,2000,"dnn classifier with [4, 4] hidden_units",2 dim embedding column,0.086393416,0.0,0.22221267,0.9405,0.9405,0.65136105,0.22221267,0.0595,0.0,2000,0.07932476,0.11059564,0.0,0.26637563,0.925,0.925,0.5834757,0.26637563,0.075,0.0,2000,0.07644831
3,0.01,2000,"dnn classifier with [4, 4] hidden_units",4 dim embedding column,0.07423898,0.0,0.22331835,0.9415,0.9415,0.640683,0.22331835,0.0585,0.0,2000,0.0846388,0.086089745,0.0,0.27046883,0.922,0.922,0.60001075,0.27046883,0.078,0.0,2000,0.084458545
3,0.01,2000,"dnn classifier with [4, 4] hidden_units",10 dim embedding column,0.103306554,0.0,0.24110939,0.9395,0.9395,0.7129848,0.24110939,0.0605,0.0,2000,0.11193459,0.1596798,0.0,0.2715363,0.924,0.924,0.7653295,0.2715363,0.076,0.0,2000,0.11194924
3,0.01,2000,"dnn classifier with [4, 4] hidden_units",100 dim embedding column,0.16441715,0.0,0.20759891,0.9415,0.9415,0.74725276,0.20759891,0.0585,0.0,2000,0.06754565,0.26667655,0.0,0.24239433,0.925,0.925,0.779382,0.24239433,0.075,0.0,2000,0.06474648
3,0.01,2000,"dnn classifier with [10, 10] hidden_units",indicator column,0.6676986,0.07874016,0.18152422,0.9365,0.9415,0.9219073,0.18152422,0.0635,1.0,2000,0.017439775,0.43987352,0.0,0.28533328,0.923,0.923,0.8174186,0.28533328,0.077,0.0,2000,0.01301312
3,0.01,2000,"dnn classifier with [10, 10] hidden_units",2 dim embedding column,0.09831181,0.0,0.23711257,0.9365,0.9365,0.5565412,0.23711257,0.0635,0.0,2000,0.08140702,0.076686256,0.0,0.2614593,0.927,0.927,0.5531486,0.2614593,0.073,0.0,2000,0.08107611
3,0.01,2000,"dnn classifier with [10, 10] hidden_units",4 dim embedding column,0.091200024,0.0,0.23289739,0.9355,0.9355,0.64004654,0.23289739,0.0645,0.0,2000,0.059520822,0.15397921,0.0,0.26018533,0.923,0.923,0.7666242,0.26018533,0.077,0.0,2000,0.057875745
3,0.01,2000,"dnn classifier with [10, 10] hidden_units",10 dim embedding column,0.09003573,0.0,0.2131783,0.94200003,0.942,0.6771108,0.2131783,0.058,0.0,2000,0.06695812,0.23192602,0.0,0.2598568,0.92,0.92,0.76954824,0.2598568,0.08,0.0,2000,0.066472664
3,0.01,2000,"dnn classifier with [10, 10] hidden_units",100 dim embedding column,0.25095397,0.0,0.20860444,0.9395,0.9395,0.8108784,0.20860444,0.0605,0.0,2000,0.056376543,0.36385947,0.0,0.24341711,0.924,0.924,0.829314,0.24341711,0.076,0.0,2000,0.05382238
3,0.01,2000,"dnn classifier with [20, 20] hidden_units",indicator column,0.61156803,0.0859375,0.20653982,0.936,0.9415,0.89302677,0.20653982,0.064,1.0,2000,0.015011262,0.50265735,0.032051284,0.2840243,0.922,0.9245,0.8815841,0.2840243,0.078,1.0,2000,0.011313094
3,0.01,2000,"dnn classifier with [20, 20] hidden_units",2 dim embedding column,0.103720434,0.0,0.22636011,0.937,0.937,0.64742047,0.22636011,0.063,0.0,2000,0.058572777,0.07595286,0.0,0.26728418,0.9255,0.9255,0.5394726,0.26728418,0.0745,0.0,2000,0.05374203
3,0.01,2000,"dnn classifier with [20, 20] hidden_units",4 dim embedding column,0.065983355,0.0,0.23053141,0.939,0.939,0.52070785,0.23053141,0.061,0.0,2000,0.050420936,0.08533503,0.0,0.26883283,0.925,0.925,0.55910456,0.26883283,0.075,0.0,2000,0.049977936
3,0.01,2000,"dnn classifier with [20, 20] hidden_units",10 dim embedding column,0.120785534,0.0,0.21365653,0.9405,0.9405,0.72944844,0.21365653,0.0595,0.0,2000,0.050707933,0.13417077,0.0,0.26433617,0.9225,0.9225,0.7270845,0.26433617,0.0775,0.0,2000,0.048970655
3,0.01,2000,"dnn classifier with [20, 20] hidden_units",100 dim embedding column,0.24005541,0.0,0.22448419,0.934,0.934,0.79011744,0.22448419,0.066,0.0,2000,0.058613364,0.25487694,0.0,0.24468538,0.924,0.924,0.84702706,0.24468538,0.076,0.0,2000,0.055611096
